Genome,TF locus_tag,Synonyms,start,end,strand,site
NC_000962.3,Rv3133c,"DevR, DosR",668486,668506,-,TTGAGGACCTTCGGCCCCAC
NC_000962.3,Rv3133c,"DevR, DosR",1965460,1965480,+,TTAGGGCCGGAAGTCCCCAA
NC_000962.3,Rv3133c,"DevR, DosR",2056364,2056384,-,TTAGAGACTTTATGCCCTAC
NC_000962.3,Rv3133c,"DevR, DosR",2278994,2279014,-,TCGGGGACTTCTGTCCCTAG
NC_000962.3,Rv3133c,"DevR, DosR",3500821,3500841,-,GTGGGGACCAACGCCCCTGG
NC_000962.3,Rv3133c,"DevR, DosR",2954781,2954801,-,GGCGGGACGTAAGTCCCTAA
NC_000962.3,Rv3133c,"DevR, DosR",1965522,1965542,+,GCCGGGACTTCAGGCCCTAT
NC_000962.3,Rv3133c,"DevR, DosR",1960613,1960633,-,GAAGGGGCGAAAGTCCCTTA
NC_000962.3,Rv3133c,"DevR, DosR",1961045,1961065,-,CTGGGGACCGAAGTCCCCGG
NC_000962.3,Rv3133c,"DevR, DosR",88114,88134,+,CATGGGACTTTCGGCCCTGT
NC_000962.3,Rv3133c,"DevR, DosR",2953063,2953083,-,CACGGGTCAAACGACCCTAG
NC_000962.3,Rv3133c,"DevR, DosR",3500842,3500862,-,ATAAGGACTAACGGCCCTCA
NC_000962.3,Rv3133c,"DevR, DosR",2279051,2279071,-,ACAGGGTCAATGGTCCCCAA
NC_000962.3,Rv3855,"EthR, Aka, EtaR",4327477,4327532,+,CCACGCTATCAACGTAATGTCGAGGCCGTCAACGAGATGTCGACACTATCGACAC
NC_000962.3,Rv1909c,FurA,2156601,2156633,-,AGTCTTGACTGATTCCAGAAAAGGGAGTCATA
NC_000962.3,Rv2374c,HrcA,1108532,1108555,-,GCACTTGAGACGGTAGAGTGCTA
NC_000962.3,Rv2374c,HrcA,3837461,3837484,-,GCACTCTCATGTATAGAGTGCTA
NC_000962.3,Rv2374c,HrcA,528391,528414,+,GCACTCGGCATAGGCGAGTGCTA
NC_000962.3,Rv2374c,HrcA,528426,528449,+,GCACTCGCGACCGGTGAGTGCTA
NC_000962.3,Rv0353,HspR,419718,419736,+,TTGAGTGCATCAGGCTCA
NC_000962.3,Rv0353,HspR,419772,419790,+,TTGAGCGGGGTGCACTCA
NC_000962.3,Rv0353,HspR,462061,462079,-,TTGAGCGGAACAGACTCA
NC_000962.3,Rv0353,HspR,302722,302740,-,TTAAGCGTGGTCGACTCA
NC_000962.3,Rv2711,"IdeR, DtxR",3378,3397,+,TATGGTAAGACGAATCTTA
NC_000962.3,Rv2711,"IdeR, DtxR",124361,124380,+,TAAGGTTTGGCGATGCGTA
NC_000962.3,Rv2711,"IdeR, DtxR",137905,137924,+,ATAGGAAAGCCGATCCTTA
NC_000962.3,Rv2711,"IdeR, DtxR",342080,342099,+,TTAGCTTATGCAATGCTAA
NC_000962.3,Rv2711,"IdeR, DtxR",405924,405943,-,GTAGGTTAGGACAGCCTTT
NC_000962.3,Rv2711,"IdeR, DtxR",542003,542022,+,GCAACTAAGCCTAGCCTAA
NC_000962.3,Rv2711,"IdeR, DtxR",570513,570532,+,GCAGGTCAGGCTACCCTTA
NC_000962.3,Rv2711,"IdeR, DtxR",614588,614607,+,TACGGTACGGCTTGCCCGA
NC_000962.3,Rv2711,"IdeR, DtxR",769585,769604,+,TACACTAAGCATTGCCTAA
NC_000962.3,Rv2711,"IdeR, DtxR",860096,860115,-,TGATCTTGGCCGGAGCTAA
NC_000962.3,Rv2711,"IdeR, DtxR",1233949,1233968,-,TAAGGCAAGGTTATGCTTC
NC_000962.3,Rv2711,"IdeR, DtxR",1508989,1509008,+,CAAGGCTAGCCTTGCCTAA
NC_000962.3,Rv2711,"IdeR, DtxR",1512636,1512655,-,TATGGCATGCCTAACCTAA
NC_000962.3,Rv2711,"IdeR, DtxR",1512834,1512853,+,TTCGGTAAGGCAACCCTTA
NC_000962.3,Rv2711,"IdeR, DtxR",1710683,1710702,+,CAAGGTAAGGCTAGCCTTA
NC_000962.3,Rv2711,"IdeR, DtxR",2096731,2096750,+,TTAGGGCAGCCTTGCCTAT
NC_000962.3,Rv2711,"IdeR, DtxR",2125114,2125133,+,TTAGTGGAGTCTAACCTAA
NC_000962.3,Rv2711,"IdeR, DtxR",2125090,2125109,+,TTAGTGGAGTCTAGCCTAA
NC_000962.3,Rv2711,"IdeR, DtxR",2187195,2187214,+,CGAGGTTACCCGTCCCTTA
NC_000962.3,Rv2711,"IdeR, DtxR",2281268,2281287,+,ATCCGTAAGTCTAAACTTA
NC_000962.3,Rv2711,"IdeR, DtxR",2381000,2381019,+,GCGCATTAGGGCATCCTAA
NC_000962.3,Rv2711,"IdeR, DtxR",2381020,2381039,+,ATAGGTTAGGCTACCCTAG
NC_000962.3,Rv2711,"IdeR, DtxR",2610769,2610788,+,TATGCTTAGCGATACCTTG
NC_000962.3,Rv2711,"IdeR, DtxR",2675850,2675869,+,TTAGCACAGGCTGCCCTAA
NC_000962.3,Rv2711,"IdeR, DtxR",2680011,2680030,-,GTAGGTTAGGCTACATTTA
NC_000962.3,Rv2711,"IdeR, DtxR",2835327,2835346,-,TGAGGGAAGGCATGCCAAA
NC_000962.3,Rv2711,"IdeR, DtxR",3079075,3079094,-,GATCGTTAGCCTTATCTAA
NC_000962.3,Rv2711,"IdeR, DtxR",3174739,3174758,-,GTCGGAAAGGATTACCTAA
NC_000962.3,Rv2711,"IdeR, DtxR",3177478,3177497,+,GAAGGTGAGCCCTAATTTA
NC_000962.3,Rv2711,"IdeR, DtxR",3568823,3568842,-,CTACGTAAGCGCTACGTAA
NC_000962.3,Rv2711,"IdeR, DtxR",3822012,3822031,-,AGAGGTAAGGCTAACCTCA
NC_000962.3,Rv2711,"IdeR, DtxR",3823846,3823865,-,TTATGTTAGCCTTCCCTTA
NC_000962.3,Rv2711,"IdeR, DtxR",3842079,3842098,+,TTAGGCAGCGCTTAGCTGA
NC_000962.3,Rv2711,"IdeR, DtxR",3847005,3847024,+,TTAGGCAGCGCTTAGCTGA
NC_000962.3,Rv2711,"IdeR, DtxR",3908064,3908083,+,TTATGTAATGTCTACCAAA
NC_000962.3,Rv2711,"IdeR, DtxR",4312729,4312748,+,TTAACTTAGGCTTACCTAA
NC_000962.3,Rv2711,"IdeR, DtxR",4314105,4314124,+,CTAGGAAAGCCTTTCCTGA
NC_000962.3,Rv2711,"IdeR, DtxR",3404834,3404853,+,GTAGACCAGGCTCCCCTTG
NC_000962.3,Rv2711,"IdeR, DtxR",385966,385985,-,CTATGTGATACTGACCTGA
NC_000962.3,Rv2711,"IdeR, DtxR",1580514,1580533,+,AGATGCTAGACTTTCCTGA
NC_000962.3,Rv2711,"IdeR, DtxR",2981818,2981837,+,TTACGGCAGCCTGTTGTAA
NC_000962.3,Rv2711,"IdeR, DtxR",798654,798673,+,TCACTGTAGTCTTAGCTGA
NC_000962.3,Rv2711,"IdeR, DtxR",3985408,3985427,+,TTACTGCAATCTCCACTGA
NC_000962.3,Rv2711,"IdeR, DtxR",1508932,1508951,+,TTACCGCGCACTGCTCTAT
NC_000962.3,Rv2711,"IdeR, DtxR",12465,12484,+,TAATGGCAGACTGTGATTC
NC_000962.3,Rv2720,LexA,1552509,1552525,-,TCGAACACATGTTCGA
NC_000962.3,Rv2720,LexA,3436770,3436786,+,TCGAACACATGTTCGA
NC_000962.3,Rv2720,LexA,3784789,3784805,-,TCGAACAATTGTTCGA
NC_000962.3,Rv2720,LexA,4221080,4221096,+,TCGAACGTATGTTCGA
NC_000962.3,Rv2720,LexA,79479,79495,+,TCGAATATGAGTTCGA
NC_000962.3,Rv2720,LexA,400159,400175,+,TCGAAAGTATGTTCGA
NC_000962.3,Rv2720,LexA,606518,606534,+,TCGAAAGTATGTTCGA
NC_000962.3,Rv2720,LexA,1117140,1117156,-,TCGAACGAATGTGCGA
NC_000962.3,Rv2720,LexA,1928565,1928581,-,TCGAACATGTATTCGA
NC_000962.3,Rv2720,LexA,2358494,2358510,+,TCGCACACATGTTCGA
NC_000962.3,Rv2720,LexA,2903539,2903555,+,TCGAACAACCGTTCTA
NC_000962.3,Rv2720,LexA,2925404,2925420,-,TCGAACGATTGTTCGG
NC_000962.3,Rv2720,LexA,3031739,3031698,+,
NC_000962.3,Rv2720,LexA,3031587,3031546,-,
NC_000962.3,Rv2720,LexA,3031563,3031522,-,
NC_000962.3,Rv2720,LexA,3051531,3051547,-,TCGAACAGGTGTTCGG
NC_000962.3,Rv2720,LexA,3811650,3811666,-,TCGAACATATTTTCGA
NC_000962.3,Rv2720,LexA,2925168,2925184,-,TCGAACGGGTGTTCTC
NC_000962.3,Rv2720,LexA,60351,60367,+,TCGAATATGCGTTCGG
NC_000962.3,Rv2841c,NusA,1471688,1471716,+,TGTTGTTTGAGAACTCAATAGTGTGTTT
NC_000962.3,Rv1395,,759686,759699,+,TGAGATCCGGACA
NC_000962.3,Rv1395,,2441799,2441813,-,TGAGGAGACGGACA
NC_000962.3,Rv1395,,2463059,2463074,-,TGAGGCAGTTGGACA
NC_000962.3,Rv1395,,3041542,3041555,-,TGAGCGCGGGACA
NC_000962.3,Rv1395,,3217201,3217215,-,TGAGCAGCCGGACA
NC_000962.3,Rv1395,,3902266,3902280,-,TGAGCTATCGGACA
NC_000962.3,Rv1395,,4281647,4281661,-,TGAGGGGAAGGACA
NC_000962.3,Rv1395,,1399256,1399270,+,TGAGACAACGGACA
NC_000962.3,Rv1395,,1410537,1410551,+,TGAGCGTCTGGACA
NC_000962.3,Rv1395,,2595407,2595422,+,TGAGCAGCTCGGACA
NC_000962.3,Rv1395,,3089024,3089038,+,TGAGGAAGCGGACA
NC_000962.3,Rv1395,,3826513,3826528,-,TGAGAACATCGGACA
NC_000962.3,Rv1395,,1571028,1571041,+,TGAGTTTAGGACA
NC_000962.3,Rv1395,,1571005,1571020,+,TGAGACTATGGGACA
NC_000962.3,Rv1033c,TrcR,1158787,1158815,-,ATAAGCGACATTTGAAAAATTTATGAAT
NC_000962.3,Rv1994c,,2237984,2238019,-,GCTGTTATACCAGTATATGGTGTACTATTTGATCT
NC_000962.3,Rv3744,,4195389,4195415,+,AATATATGATCATATGTTCATTTATT
NC_000962.3,Rv0491,RegX3,579247,579289,+,ATGTGAACGGTAACCGAACAGCTGTGGCGTAGTGTGTGACTT
NC_000962.3,Rv0981,MprA,1096781,1096806,+,TCTCAGGCCAGTCTCAGGCGCTGCG
NC_000962.3,Rv0981,MprA,1098954,1098973,+,ACATCGAGAACTCTCGGGG
NC_000962.3,Rv0981,MprA,1098987,1099006,+,TCTCAGTGGAATCTCAGTC
NC_000962.3,Rv0981,MprA,1099023,1099042,+,TGTGCAGTTACTGTTGAAA
NC_000962.3,Rv3676,,219437,219453,+,GGTGGCAGCGAGCCCA
NC_000962.3,Rv3676,,571593,571609,+,TGTGTTTGGTATCACA
NC_000962.3,Rv3676,,965961,965977,-,TGTGACATTACCCACA
NC_000962.3,Rv3676,,1561647,1561663,+,TGGCAATGGCCGCTCA
NC_000962.3,Rv3676,,1793774,1793790,-,TCAGGGACCGATCACG
NC_000962.3,Rv3676,,2726099,2726115,+,GGTGTGATATATCACC
NC_000962.3,Rv3676,,2794062,2794078,-,TGTGATCCTCGACACA
NC_000962.3,Rv3676,,3243106,3243122,+,GATGGCTTCAGACACA
NC_000962.3,Rv3676,,3595536,3595552,+,AGTGAGATAGCCCACG
NC_000962.3,Rv3676,,4057417,4057433,-,AGTGACACCGGTCACA
NC_000962.3,Rv2069,SigC,3703447,3703476,+,TCGAATGCGAAGTCGGTCACCGGCGTTCC
NC_000962.3,Rv2069,SigC,3647483,3647511,+,TCGAATACGTAGTCGGTGGAGACGTGGA
NC_000962.3,Rv2069,SigC,2279393,2279425,-,GTCAATTGACGCCAGATGCAAAGGATCGTTGG
NC_000962.3,Rv2069,SigC,3419414,3419445,-,GTCAATTTGACGGCTACCGATGTTCCGTTTT
NC_000962.3,Rv2069,SigC,1957482,1957512,+,GGCAATCCCCTGGCTGGAGGATCCCGTTCA
NC_000962.3,Rv2069,SigC,3217788,3217816,-,GCGAATTACTGCCCCAGCATCACGTTCT
NC_000962.3,Rv2069,SigC,1794843,1794872,-,GCGAATCTCGGCGGCCCACCGTTCGTCAC
NC_000962.3,Rv2069,SigC,738201,738233,-,GCGAATGCGGGCGATGTGCCATGCACCGTGTA
NC_000962.3,Rv2069,SigC,4025535,4025567,+,GAAAATCATCTGATTTGAGCCCCTTTCGTTAC
NC_000962.3,Rv2069,SigC,131123,131152,-,CTTAATTGCCTTACTGTGTTTCGCGTGGA
NC_000962.3,Rv2069,SigC,3880720,3880748,-,CGGAATTTCCACCACCGGCTCACGTTTG
NC_000962.3,Rv2069,SigC,275864,275896,+,CGCAATCTCGGTGGTCATGATGAAGACGTGCT
NC_000962.3,Rv2069,SigC,3903216,3903248,-,CGAAATGGTGATGCCGCCCAGCGCGCCGTGGG
NC_000962.3,Rv2069,SigC,351476,351505,+,CCGAATTCCGAATCACGTGGACCCGTACG
NC_000962.3,Rv2069,SigC,170078,170106,+,CCGAATCGTCCGCCGGCGGCCTCGTTCC
NC_000962.3,Rv2069,SigC,3433894,3433924,-,CACAATCCGGTGCCGAGCAATGGGCGTCGA
NC_000962.3,Rv2069,SigC,3430328,3430356,-,ACAAATGTACACAAAGGAGGCTCGTGCG
NC_000962.3,Rv2069,SigC,1061683,1061712,+,ACAAATCTGAAATGTCCTCGGATCGTGAC
NC_000962.3,Rv3414c,SigD,3833674,3833704,-,GTACCGCTTAAAACGCGGTTGGGCCGTTAT
NC_000962.3,Rv3414c,SigD,2134158,2134188,-,GTAACGCTTCGGCCACTTCCGGCGATATGT
NC_000962.3,Rv3414c,SigD,2057419,2057449,+,GTAACGTCGCGACCCGACATTGCGAAAGTA
NC_000962.3,Rv3414c,SigD,409296,409326,+,ATAGCGTCGATGGCACAGCGCCGGTCACGC
NC_000962.3,Rv1221,SigE,3022396,3022424,+,GGGAACTCAAAGTCCGGCTTTGTCGTTA
NC_000962.3,Rv1221,SigE,302717,302745,-,GGAACTTAAGCGTGGTCGACTCAGGTTC
NC_000962.3,Rv1221,SigE,558752,558780,+,GGACCCGAATTCGTCGACCACCGCGTTG
NC_000962.3,Rv1221,SigE,653801,653829,+,GGAACCAGCGGATACCCCTCAGGCGTTG
NC_000962.3,Rv1221,SigE,1179261,1179289,+,GGGCAGTCGGCGTCGCACAGCACGGTTG
NC_000962.3,Rv1221,SigE,1254366,1254394,+,GGGCCGCTGGTCATTCTCCAACTGGTTG
NC_000962.3,Rv1221,SigE,1499287,1499315,-,GGCACGGCAGCTGGTGGCATCCGGGTTG
NC_000962.3,Rv1221,SigE,2313059,2313087,-,GGAACTCGGGCCTAGCCCGCAGACGTTG
NC_000962.3,Rv1221,SigE,3058568,3058596,-,GGAACCAACCCCACCGCCGGCGGCGTTC
NC_000962.3,Rv1221,SigE,557497,557523,+,GGCAATGAAAGACCGTTAAGGAGTTG
NC_000962.3,Rv1221,SigE,1096587,1096623,+,GGAACGTGGTGCACACTGCACCTGGGGTTCTGCCCT
NC_000962.3,Rv3286c,SigF,3669522,3669550,-,GGTTTCACCGGCAGCTGCGAATGGGTAT
NC_000962.3,Rv3286c,SigF,12398,12430,+,GGGCTCGTTGCGGGTGCGCCGCGTGCGGGTTT
NC_000962.3,Rv3286c,SigF,438919,438950,-,GGTTTCGGCGTCGTGAGGCACCAGGGGGTAG
NC_000962.3,Rv3286c,SigF,518462,518492,+,GGCTTAGGCGCGCCGCGGGGCGGCGGGCAT
NC_000962.3,Rv3286c,SigF,1220646,1220675,-,GTTCTCCGAGGCGATCATCTCCAGGGTGT
NC_000962.3,Rv3286c,SigF,393847,393876,+,GATCTCTTTGATGTGTTCGGGGCGGGTAT
NC_000962.3,Rv3286c,SigF,829035,829066,+,GTTCTCCGCTGCCACGGTGGCCGACGGGTAC
NC_000962.3,Rv3286c,SigF,996523,996553,-,GAATTCCTGGACCGTCGCCCTACTGGGCAT
NC_000962.3,Rv3286c,SigF,14095,14124,-,GTTTTCCGGGCAGGGTGTTGGGTGGGTTA
NC_000962.3,Rv3286c,SigF,2378565,2378595,-,AGTATCCGGGCTGCGCAGCCCCGCGGGTAG
NC_000962.3,Rv3286c,SigF,243199,243228,+,GGCGTCGTGCGACACGTGCTTAAGGGTAA
NC_000962.3,Rv3286c,SigF,1075213,1075245,-,GGTTACAACTTGGCCGCCGTGCTGGCGGGATT
NC_000962.3,Rv3286c,SigF,27538,27568,+,GGTGGCCGCGGCCGAGTCGTATCCGGGTAG
NC_000962.3,Rv3286c,SigF,608598,608628,-,GCTTTCGCTCCCCTTAGATTTTGCGGGTTT
NC_000962.3,Rv3286c,SigF,13592,13623,+,GTTATCCACAGACGCTATCAACAGTGGGGAT
NC_000962.3,Rv3223c,"SigH, RpoE",462046,462074,-,CGGAACAGACTCAACATTGACGGCGTTG
NC_000962.3,Rv3223c,"SigH, RpoE",419676,419704,+,GGGAACAAGACCCGCACGACCAGCGTTA
NC_000962.3,Rv3223c,"SigH, RpoE",302717,302746,-,TGGAACTTAAGCGTGGTCGACTCAGGTTC
NC_000962.3,Rv3223c,"SigH, RpoE",3583767,3583796,-,GGGAAGCAAAGGTGGCAAGCTGGGCGTTG
NC_000962.3,Rv3223c,"SigH, RpoE",167625,167654,+,AGGCTTTGCAGGAACATCCAGGCCAGTTC
NC_000962.3,Rv3223c,"SigH, RpoE",434877,434909,-,CGGAACTGTTTGACAGCGACGAGACGCTGTTG
NC_000962.3,Rv3223c,"SigH, RpoE",1108557,1108585,-,GGGAATGACGGAACTCACCTAGCGGTTC
NC_000962.3,Rv3223c,"SigH, RpoE",1502584,1502612,+,CGGAATACCGACCTACCGTGACATGTTT
NC_000962.3,Rv3223c,"SigH, RpoE",1855499,1855527,-,CGGACCAAATCGTGGACAACGCGCGTTG
NC_000962.3,Rv3223c,"SigH, RpoE",2768933,2768961,-,GGGAACAGGTGCGGGGCGGCCGTGGTTG
NC_000962.3,Rv3223c,"SigH, RpoE",3015017,3015045,-,GGGCACGAATCGTTTGGTGGACGCGTTC
NC_000962.3,Rv3223c,"SigH, RpoE",3416033,3416061,-,CGGAATAAATCGGACCATGGTCCGGTTG
NC_000962.3,Rv3223c,"SigH, RpoE",3880869,3880898,+,CGGAATAGCACCGGTGAGCCGAGCGGTTA
NC_000962.3,Rv3223c,"SigH, RpoE",3022396,3022424,+,GGGAACTCAAAGTCCGGCTTTGTCGTTA
NC_000962.3,Rv3223c,"SigH, RpoE",1364439,1364467,+,GGGAATACGGAATCGCAACTTTGCGTTG
NC_000962.3,Rv3223c,"SigH, RpoE",3599756,3599785,-,TGGAAATAACCCGCTGGCGAACACGGTTG
NC_000962.3,Rv3223c,"SigH, RpoE",1659332,1659361,+,TGGAACAAAGACTTCATCCTGAGGCGTTG
NC_000962.3,Rv3223c,"SigH, RpoE",4401661,4401689,+,GGGAACAGCAGTGCCTACGCTGGCGTTC
NC_000962.3,Rv0735,SigL,827494,827522,+,TGAACCAAACTCTTACTCGACTCGTGTC
NC_000962.3,Rv0735,SigL,1874116,1874144,+,TGAACCATTCGGCCTCGATGTGCGTGTC
NC_000962.3,Rv0735,SigL,3189428,3189456,-,TGAACCGTCACGGAGCGTATTACGTCAT
NC_000962.3,Rv0735,SigL,1267116,1267144,-,TGAACCCATCCGGCGCCAGTAACGTGGC
NC_000962.3,Rv1395,,561695,561710,+,TGAGCTGCACGGACA
NC_000962.3,Rv1395,,1702767,1702781,-,TGAGAGCCGGGACA
NC_000962.3,Rv0981,MprA,3022330,3022349,+,TCTCAGGACTTTCTCAGGT
NC_000962.3,Rv2069,SigC,131285,131314,+,CCGAATCCCCGCAATTGGCGCAACGTGCC
NC_000962.3,Rv2069,SigC,3015138,3015170,+,CCCAATGGTCCGCCTCCTCACCGCGCCGTGCC
NC_000962.3,Rv2069,SigC,4088707,4088738,+,GCCAATCAGTCAATCATGTTCATCGCGTCGG
NC_000962.3,Rv1221,SigE,1138194,1138223,-,GGGCCGGTGGGTAGACGGCGACAGCGTTG
NC_000962.3,Rv1221,SigE,1196200,1196227,+,GGAACCCGGGCCTACTACTGATCGTTG
NC_000962.3,Rv1221,SigE,1251430,1251457,-,GGGCCCACAGTGGGCGGTCTGGCGTTG
NC_000962.3,Rv1221,SigE,1696458,1696484,-,GGAACGGCGAAGCCGGGCAGGCGTTG
NC_000962.3,Rv1221,SigE,2740613,2740642,+,GGGCCCGGGTGGTGACGTCATCCGGGTTG
NC_000962.3,Rv1221,SigE,3978006,3978035,+,GGGCCGTCGCAGTGGTGGCGCGGCGGTTG
NC_000962.3,Rv3223c,"SigH, RpoE",1196199,1196227,+,GGGAACCCGGGCCTACTACTGATCGTTG
NC_000962.3,Rv3223c,"SigH, RpoE",1735882,1735915,+,CGGAACCGCTACGGGACGGGACCAACTCGGTTC
NC_000962.3,Rv3223c,"SigH, RpoE",2580384,2580414,+,CGGAACTGTCGGCTACCGCCGATAACGTTG
