Genome accession, TF name, TF locus tag, Upstream Flanking Region, Site, Downstream Flanking Region, Start, Stop, Strand, Operon, Mode, DB name, Evidence, Alternate DB ID
NC_000964.3,AbrB,NP_387918.1,TGTAAAGGGTTTTAAAACGCCATGCCTCGTGCATGGCGTTTTTTTGTGCCAATGGGTCCGGTGCGAGATACGACTCCGGTCTTATATAAAAATCAATCTC,TGATTCGTTTTGCATATCTTCCAACTTG,TATAAGATGAAGACAAGGAAAACGAAAGGAGGATCTGCATGAAAATAAACAAGAAAACAATAGGCGGATTCTTATTAATTGTATTTGGGATCTCCGTCTT,3398968,3398996,-1,yvqI,R,tbdbs,[AR RT-PCR;15101989;Hamon MA, et al.;2004],
NC_000964.3,AdaA,NP_388062.1,CACGCGTTTTTTATATCTTGGGCCATTTTTATCTACTCCCGTTTAGCATTCTTGATAACTACACTATAACCTCATAAATAGAAAAAAATAAGGTGGTTAG,AATGTAATAGCAAGATAACAAAATGAGTAA,AGATGATTATGTGATAAACTAATTTCAACCAGCGTGAGTTTTCTTATAATTATTTAAGATAAGGAGAATGAAAAAGTGACATGGCATGAAGTCAATGATG,203533,203563,-1,alkA,A,tbdbs,[FT;8376346;Morohoshi F, et al.;1993],
NC_000964.3,AraR,NP_391277.1,AATTACAGAAGTCATTAAGAAGTTAGACCGAAAAACGGTTGACGAAATTACGTACCAATAAAGATACGGAAGAATCCGCCTATTGAGGTGGATTCTATTT,TTTTGTCTGTACAAAT,TACAGCATAGTGACTACAATAAAGGGGATACCGAAAATTTCCTGAACATGACGATATACGATACGCAGTCGATTTGACAGGAAGGGAGGATAAATAATCT,2950165,2950181,-1,abnA,R,tbdbs,[RG PE SDM;14973026;Raposo MP, et al.;2004],
NC_000964.3,AraR,NP_391277.1,GCCCCCGGCTTTTTTTAAAAGAAAAGATTGACAGTATAATAGTCAATTACTATAATAAAATTGTTCGTACAAATATTTATTTATAGGTTTATTTTCTATC,ATTAGTACGTATCTTT,TGTATTTGAAAGCGTTTTATTTTATGAGAAAGGGGCAGTTTACATGCTTCAGACAAAGGATTATGAATTCTGGTTTGTGACAGGAAGCCAGCACCTATAC,2948918,2948934,-1,araA,R,tbdbs,[DB HM;9045819;Sa Nogueira I & Mota LJ;1997],
NC_000964.3,AraR,NP_391277.1,ACATATCCATTCCTCCAAAATGTATACGGACAAATTTCAGTATATCACAGCGTTCTTTGTAAGAAAACATTGACAGAAAATGCAAACAAGATTATTCTAT,ATTTGTACGTACTAAT,TAAATGTAATTTTCGTTAAATTTTAATATAAGTACGTACAATTGAAGGTTTAAATGAAAACGCTTTACTCAACATTCGGGAGGGCAGGGAAATGAAGAAT,3485557,3485573,-1,araE,R,tbdbs,[DB HM;9401028;Sa Nogueira I & Ramos SS;1997],
NC_000964.3,AraR,NP_391277.1,ATCACAGCGTTCTTTGTAAGAAAACATTGACAGAAAATGCAAACAAGATTATTCTATATTTGTACGTACTAATTAAATGTAATTTTCGTTAAATTTTAAT,ATAAGTACGTACAATT,GAAGGTTTAAATGAAAACGCTTTACTCAACATTCGGGAGGGCAGGGAAATGAAGAATACTCCAACTCAATTAGAACCAAATGTTCCTGTAACAAGAAGCC,3485514,3485530,-1,araE,R,tbdbs,[DB HM;9401028;Sa Nogueira I & Ramos SS;1997],
NC_000964.3,AraR,NP_391277.1,TTAACGAAAATTACATTTAATTAGTACGTACAAATATAGAATAATCTTGTTTGCATTTTCTGTCAATGTTTTCTTACAAAGAACGCTGTGATATACTGAA,ATTTGTCCGTATACAT,TTTGGAGGAATGGATATGTTACCAAAATACGCGCAAGTAAAAGAAGAAATCAGTTCTTGGATTAATCAAGGCAAAATACTGCCCGATCAAAAAATCCCTA,3485638,3485654,1,araR,R,tbdbs,[DB HM;9045819;Sa Nogueira I & Mota LJ;1997],
NC_000964.3,AraR,NP_391277.1,TTGAAGTTGTCCCGTTATTAACTGAGGAATTCAAACAGCTGAATATACACTCATAAAGGAAATCCCGGACTTTAAAAGTCCGGGTTTTTTCATATTTATA,AATACATACGTACAAATATAA,AAACAATAGAAAATGTCGTTGACATGTACGAACATATATAATATGGTTACTTTAAAAGCGCTTACATTCATGCTGACTCCTCAGGCAAACGACAGATCAC,2915299,2915320,-1,xsa,R,tbdbs,[RG PE FT;14973026;Raposo MP, et al.;2004],
NC_000964.3,AraR,NP_391277.1,AATATACACTCATAAAGGAAATCCCGGACTTTAAAAGTCCGGGTTTTTTCATATTTATAAATACATACGTACAAATATAAAAACAATAGAAAATGTCGTT,GACATGTACGAACATATATAA,TATGGTTACTTTAAAAGCGCTTACATTCATGCTGACTCCTCAGGCAAACGACAGATCACATATTTGACTGTGGTGCTTTTCATATCCGTATGAAAGGAAT,2915258,2915279,-1,xsa,R,tbdbs,[RG PE FT;14973026;Raposo MP, et al.;2004],
NC_000964.3,BkdR,NP_390290.1,AGCAAACGCTTGAAAAGCATCATTTTAACCGGACAAAAACAGCAAAAGCTCTCGGTGTCAGCATTCGGAATTTATATTACAAAATGGATAAATATGGCCT,TGCAAATGAAGGCA,TGCAATAATTTGCAGAATAAACGCAAACATCTGCACGAATGTTTCGGTATACCTGGTATGACAGCACCCTTAAGAGCTGGCATGGAACTTGCATAATAAA,2504796,2504810,-1,ptb,A,tbdbs,[DB;10094682;Debarbouille M, et al.;1999],
NC_000964.3,BkdR,NP_390290.1,AAAACAGCAAAAGCTCTCGGTGTCAGCATTCGGAATTTATATTACAAAATGGATAAATATGGCCTTGCAAATGAAGGCATGCAATAATTTGCAGAATAAA,CGCAAACATCTGCA,CGAATGTTTCGGTATACCTGGTATGACAGCACCCTTAAGAGCTGGCATGGAACTTGCATAATAAAAGGCGGAGTCGAAACAAGAAAGGTGGTAACAGATG,2504761,2504775,-1,ptb,A,tbdbs,[DB;10094682;Debarbouille M, et al.;1999],
NC_000964.3,CcpA,NP_390852.1,GGTCGATGCCTAAGCTGCTTTTATTTATGCTTTTGAAGACCGGACTTGACGAATTGAATCCAGCTTTGAAACACAAAATACAGAGGGAAAAACCGCAAAT,TGTAAGCGTTCATC,AATACAAAACCTATAGTGAATGTGTCTGAAAATAACGACTTCTTATTGTAAGCGTTATCAATACGCAAGTTGACTTGAAAAGCCGACATGACAATGTTTA,3016499,3016513,-1,ackA,A,tbdbs,[DB DP;8226682;Grundy FJ, et al.;1993],
NC_000964.3,CcpA,NP_390852.1,GTTTTCAACATGGTTTATATTTTAAAAATTGAGAAGAATATGAATATATACTATAATAATTGTGACAACTTCAGCAAAGGGGGATGTTTGGGCATGAACT,TGAAAGCGTTACCA,GCAATAGAGGGGGATCATAACTTAAAAAACTATGAAGAAACGTACCGGCATTTTGATTGGGCCGAGGCAGAGAAACATTTCTCTTGGCATGAGACAGGGA,3039910,3039924,-1,acsA,R,tbdbs,[DB SDM;7913927;Grundy FJ, et al.;1994],
NC_000964.3,CcpA,NP_390852.1,GCTTTCAAGTTCATGCCCAAACATCCCCCTTTGCTGAAGTTGTCACAATTATTATAGTATATATTCATATTCTTCTCAATTTTTAAAATATAAACCATGT,TGAAAACGCTTTAT,AATTTGGTATTCTTAAAGAAGGCATGTATTTTTGATAAGAATTGATGGGACGGTGAATTAGTGGAACATCATAAAACATACCATTCAGCAAACATCAAAA,3040017,3040031,1,acuA,R,tbdbs,[DB SDM;7913927;Grundy FJ, et al.;1994],
NC_000964.3,CcpA,NP_390852.1,AGGGAAGCGTTCACAGTTTCGGGCAGCTTTTTTTATAGGAACATTGATTTGTATTCACTCTGCCAAGTTGTTTTGATAGAGTGATTGTGATAATTTTAAA,TGTAAGCGTTAACA,AAATTCTCCAGTCTTCACATCGGTTTGAAAGGAGGAAGCGGAAGAATGAAGTAAGAGGGATTTTTGACTCCGAAGTAAGTCTTCAAAAAATCAAATAAGG,327493,327507,1,amyE,R,tbdbs,[GS FT;7665492;Kim JH, et al.;1995],
NC_000964.3,CcpA,NP_390852.1,TCGCTCAAGCGAAGCAATTGTACCGCAGGGTATAAAGCGATGTGGAGTGAAAAAGCGGGGTATCCGTCAGATGATTTCTTTGAGAAATTAAATCCTTCAA,TGAAAACGATTACA,AAGGACAAATTGTCAGGTTCTATTCATTCAGTAGGAGAAAAAGCCGGCAGTCTGACTGAAAAAATGGCAAAGCTGACAGGGCTTCTCCCGGGAACGGCTG,2946678,2946692,-1,araB,R,tbdbs,[RG;10666464;Miwa Y, et al.;2000],
NC_000964.3,CcpA,NP_390852.1,TTTCAAGGTTTTTAATTACAATAATTTTTTATTGAAGTTAATACTAAGTTCAAATCTTTATGATTACTTTTGTTCTAGAAACGATAGTCAACACCAAAAA,TGAAAGCGTTGACA,TCTCACGAATCTAGTGCTAAAGTATACCTACAAACAAATAAAACGACCCGTCAGGATTGTTACTGCGAAAGCAGGCAAAACCTAAATGGTGCAGGTGCAG,4035845,4035859,-1,bglP,R,tbdbs,[RO DP;8626332;Kruger S, et al.;1996],
NC_000964.3,CcpA,NP_390852.1,GGGAAGATGATGATAGTTACAGGATTCAAGTTAGTAAGATTCGATATTATCATTATTTTGACCGATGTTCCCTTTTAAAAGAATCATGTAAGATCAACAT,AGAAAACGCTTTCA,ATGAAAGGGGAATGCCAATATGCCTTATCTGAAACGAGTGTTGCTGCTTCTTGTCACTGGATTGTTTATGAGTTTGTTTGCAGTCACTGCTACTGCCTCA,4012589,4012603,-1,bglS,R,tbdbs,[SDM DB;8245831;Kruger S, et al.;1993],
NC_000964.3,CcpA,NP_390852.1,TTTTACGAGAAGAGTCGTTTTAAAGGAATTGAATAAGCATATACGCTCATTGAATAAGTAGGCTGTACGGTCCTATTTTTATTATATAGGCAGAGTGAAA,AAAGAAAGCGCATACATA,ATTTAAACGAGAATAGGGCTTGAATAAGAAACTAAGATTTTATTAGAATGGGAGATAAGAAAAACTTATTGATAACAAAAAGGAGGACGACATGCAGCTT,1485935,1485953,1,ccpC,R,tbdbs,[GS FT;11985717;Kim HJ, et al.;2002],
NC_000964.3,CcpA,NP_390852.1,AAAGGGTCATTTATCCTAGCAGCCGACATAAATAAGCAACAAAATAGACAAAAATCCGTCACATAGTGCGGGACTTTTTAGGTATTTTAGGCTTTATTTT,TGAAATGAATCGTT,GTAAAGTACTTAATATGAACCAGTCAGAGATTGTGTCATTTGGTCAGTCTGGCAATCTTGCATCATATTGGATGACTTTTTGACACATTTGTGAAATATT,3979404,3979418,-1,cydA,R,tbdbs,[RG FT;17322317;Puri-Taneja A, et al.;2007],
NC_000964.3,CcpA,NP_390852.1,ATTTACATATGTTCAAAAGTCGGTTATGCTAAAAAATATCTTAACAAAAAAGGAAGTGTGCGAAGGATGTCATTAGCCAACATAATTGATCATACAGCTT,TGAAACCGCATACA,CAAAAAGCGGACATTCTAAAACTAATTGAAGAAGCGAAAACATACAAATTTGCTTCAGTATGTGTCAATCCGACATGGGTGGAGCTTGCTGCAAAAGAGC,4052225,4052239,-1,dra,R,tbdbs,[RG;10666464;Miwa Y, et al.;2000],
NC_000964.3,CcpA,NP_390852.1,ACACATCCCGAGCCGAACTCCAGCACCAGCATCAAGCAGTCACAAAGCCTGCCGGACTTGCTAGCTCCCATCTATAAATGGGCTGCCGAAACCGGCCGAA,TGGAAGCGGATACA,GATACGTACCGTGACCTGCTCAGCGCAAAGCTGATGGGCTGTTTTGTGCCTGCCCCGTCCGAGGTCATTCGCAAATTTGAAGAGACAAAAGCATTATACG,3920406,3920420,-1,galT,R,tbdbs,[RG;10666464;Miwa Y, et al.;2000],
NC_000964.3,CcpA,NP_390852.1,AAGAGGATGTAGAGCAGGCATTGAAAGCGGGGGCTGTAGCTGTCACAACATCTAATACCAAATTGTGGAAAAAATATGAAAACTTTTTGACGGAAAGTGA,TTGACACCGCTTTCA,TGCACTGATACAATTGCACTAGGTTAATACATTGTGATGGAGAACTCGGAGACCACAGCAGCTCTTTACGGCAAATGTTTATGCACCCGTAAAGCGGTTT,1002318,1002333,1,glpF,R,tbdbs,[RG FT;11929549;Darbon E, et al.;2002],
NC_000964.3,CcpA,NP_390852.1,ACTCCAAAGACCTGTTGTATCCCGCAAAATGGCTCTCAAAAGCGTCAACCGGAGTTCGTGTCGCATACGAGCTGAGAATGCGGATCGTTTCAGGTCTGAT,TGAAAGCGGTACCA,TTTTATCAGAAAATACAATCGCCGCCGAGTTTTCAGTAAGCCGTTCGCCGGTTCGCGAAGCGCTAAAAATACTCGCATCCGAAAAAATCATCCGCTTAGA,4113523,4113537,1,gntR,R,tbdbs,[SDM S1 HB;8370661;Miwa Y, et al.;1993],
NC_000964.3,CcpA,NP_390852.1,CTGCTTTCTGCGTCACGCTATTACAATAGCAATCTAACTTGTTAAAGACTATAAAAAAACCTTTTGACTTCTGCTGCTGAACCAATTAATATAATACTCA,GTTAATAGTTATCA,GAATTTTTAGGAATTGAGTGATTCATATGACACTGCATAAAGAGCGTCGGATCGGCCGGCTGTCTGTTCTCCTGCTGCTGAATGAGGCGGAAGAAAGTAC,4041451,4041465,1,hutP,R,tbdbs,[SDM DP;8144455;Wray LV Jr, et al.;1994],
NC_000964.3,CcpA,NP_390852.1,CGGAAGAAAGTACGCAGGTTGAGGAGCTGGAGCGAGACGGATGGAAGGTCTGTCTTGGCAAGGTAGGATCAATGGACGCACATAAAGTAGTAGCCGCAAT,TGAAACCGCTTCCA,AAAAGAGCGGTGTCATTCAATCTGAGGGTTATCGGGAGTCACATGCGCTTTATCATGCGACGATGGAGGCTTTGCATGGCGTGACCAGAGGTGAAATGCT,4041652,4041666,1,hutP,R,tbdbs,[SDM DP;8144455;Wray LV Jr, et al.;1994],
NC_000964.3,CcpA,NP_390852.1,TCCATGTTTATATAAAATTAAATAATTCTGGTGTATTCTTGATAGATTAATAAAAAAATTATAAAAACTTTTAACATTTGCAATTCCTTTTGTACCAATA,ATGAAAGCGTATACA,ATATAGATTGATTAATCAAAATTGTCTAATAATTTTAAAAAATGCTGTTGACACTGCGTCCAAAGCGGCGTAATATGAGTTCAACAAAAGATAAATGCAA,2897535,2897550,-1,ilvB,A,tbdbs,[FT;15916606;Tojo S, et al.;2005],
NC_000964.3,CcpA,NP_390852.1,CAGTTTATTGTCAGTCCGGGTTTTTCAGCTGATCTTGCTGAACATCTATCTTTTGTAAAGACACATTATATCCCCGGCGTCTTGACTCCGAGCGAAATTA,TGGAAGCGCTGACA,TTCGGTTTTACGACATTAAAGCTGTTCCCAAGCGGTGTGTTTGGCATTCCGTTTATGAAAAATTTAGCGGGTCCTTTCCCGCAGGTGACCTTTATTCCGA,2323230,2323244,-1,kdgA,R,tbdbs,[RG;10666464;Miwa Y, et al.;2000],
NC_000964.3,CcpA,NP_390852.1,AATCCGCTTTATACCGAGCATGAGCTTGAATACCAGCTTAGAGATGCTCAGGTAAGTGTAATCATCACCTTAGATTTGCTTTTCCCGAAGGCAATAAAAA,TGAAAACGTTATCA,ATAGTCGACCAGATTTTGATAACCAGTGTAAAAGACTATTTGCCTTTTCCGAAAAATATTCTTTACCCGCTGACGCAAAAACAAAAAGTGCATATCGACT,2919902,2919916,-1,lcfA,R,tbdbs,[RG;10666464;Miwa Y, et al.;2000],
NC_000964.3,CcpA,NP_390852.1,TTCATATGAACCTGTATTAAATGGAACACCATTTTAATACAGGTTTATTTTTTTCGTTTTAAGTGTTTCAACAACAAATTGCTATTGGCTGAAATAACAA,TGAAAACGCTTAAC,ACAACTGTGTTGGCACGATCCTTGCATTATATATGGATGTACAAAACAGGAAAGGAGCAATAGATATGATTTCAGTTATTATCAGCGGTCATGGAGATTT,2762900,2762914,-1,levD,R,tbdbs,[SDM DB;7592486;Martin-Verstraete I, et al.;1995],
NC_000964.3,CcpA,NP_390852.1,TCATATCAAGAGCTTTCGGATGTGTTTGACCAAAAAATGCTGAGCTGACAGCCTGTATATACCTTTTTTCCGTTGCCTGCGGAAAAACCCTGAGTGTTTA,TGAAAGCGATTTCA,TAATATGATGATAGCAACAGCAGGACATTACAAAATTGATCAAACTCTAGGGGGTCTTTTACATGAATATATTACTCGTTTGTGCAGCAGGCATGTCTAC,3961936,3961950,-1,licB,R,tbdbs,[RG;10559165;Tobisch S, et al.;1999],
NC_000964.3,CcpA,NP_390852.1,AAATGAATAGTTGTTAGAAGGAGGCTGTTTGACGCAGCCTTCTTTTTTCATTCATTCATGCCCGTTTCAAAGCATACATTCATAGAAGACAACTAGAAAT,TGTAAGCGCTGTCT,ATCTTCTGAATGAGGTGAAACCATGAGGAAAACAGTCATTGTAAGTGCTGCAAGAACTCCATTTGGCAAATTCGGCGGAGTTTTGAAAGAGGTGAAAGCT,2514064,2514078,-1,mmgA,R,tbdbs,[SDM DB;8759838;Bryan EM, et al.;1996],
NC_000964.3,CcpA,NP_390852.1,ATTAGAATATAACCAAGAAATGACCAAAAAGTAACCTGTTGTGCATGAAATGGTTGCTTGTATGTAAATATGCATCCGCCATTTATTTTTTTGGTGTTTT,TGAAAGCGTTTAAT,TCTTGGCTTGCTGAAAAGTGGATATTGATATGAATCTATCCGGAACCATCCATACAAGTGTATGTGTTTACTAATGAAGGAGGCAATAAGAATGGCAGAA,4084474,4084488,-1,mmsA,R,tbdbs,[DP SDM;10666464;Miwa Y, et al.;2000],
NC_000964.3,CcpA,NP_390852.1,GAATAAATCAGTTGAATCTGTCAAAAATGTCATGAAAGTATTATCCTAATAAAAAGAGAGAAAGGCTTGCTTAATACAGCCTTTCTCTTTTTACTATAAA,TGAAAGCGCTATCA,TAAACGTCTTTATTTCTTTTAAAAATGATGTAAAAGGCGAATTGTCGGAATGTCCTGCTTTCGCTAAAATAAAATCATGAAACATGTTAAGATGACATAA,2978668,2978682,-1,phoP,R,tbdbs,[DB RG SDM GS FT;16452408;Puri-Taneja A, et al.;2005],
NC_000964.3,CcpA,NP_390852.1,GAGTCACTTAAATTAGTTAGAAAAATAAGATTTTTTTATGAAAGCGCTATAATGAAAGTTGGCTGTTTGAATTTGATTGGAAGAAGAGTATGCTAGTAAA,AGAAAGCGTTTTTG,TAACTTTTTGAGGAGGTTTTATTGTGGCAGATTTATTTTCAACAGTGCAAGAAAAAGTAGCTGGAAAAGACGTTAAAATTGTATTTCCTGAAGGCTTAGA,3866349,3866363,-1,pta,R,tbdbs,[FT;10559153;Presecan-Siedel E, et al.;1999],
NC_000964.3,CcpA,NP_390852.1,GTATATGCTGAACTGGTTAAGGAAACGGGGATTGGCGAGTCAACAAAGGATGAAGTGAAGAAGGCCTCAGAAAAAAATATGAATCCTTTGCAGCGTGCTG,TGAAAACGCTTGCA,GATATTTTTATTCCAATATTGCCTGCGATTGTCACGGCGGGTCTTTTAATGGGGATCAATAACATTTTAACGGCGGAAGGCATTTTCTTCAGCACAAAAT,850685,850699,1,treP,R,tbdbs,[RG;10666464;Miwa Y, et al.;2000],
NC_000964.3,CcpA,NP_390852.1,AGCATGATCAACAGTTTTCAGGACGGTATTACCCCGGGAAAAATACAATTCGGCACAGCCTGGTGGTTTAACGATACTAAAGACGGAATGCTCGACCAAA,TGAAAGCGTTATCA,AATGTTGGCCTTTTCAGCCGTTTTATCGGCATGCTCACCGATTCCAGAAGCTTTCTTTCGTATACGCGCCACGAATATTTCAGGCGGATCGTCTGCAATT,1301626,1301640,1,uxaC,R,tbdbs,[RG;10666464;Miwa Y, et al.;2000],
NC_000964.3,CcpA,NP_390852.1,GTACTTACTATATGAAATAAAATGCATCTGTATTTGAATGAATTTATTTTTAAGGGGGAAATCACATGGCTCAATCTCATTCCAGTTCAATCAACTATTT,TGGAAGCGCAAACA,AAGTGGTTTACGAAGGGAAAGATTCGACTAATCCTTTAGCATTTAAATATTATAATCCTCAAGAAGTAATCGGCGGAAAAACGCTGAAAGAGCATTTGCG,1891942,1891956,1,xylA,R,tbdbs,[RG;Gartner D, et al.;1988;2454911],
NC_000964.3,CcpA,NP_390852.1,AACGAAAGAATGAGGCTTTTATCCTTTTCCAGGTATATAAGGTATGACGAAAAAAGATGAATTTTTTGCTTGCTGATCACCATATTTTTTTGCACTGTTT,TGAAAGCGCTTTTA,TAAAAGTTTACTGACCGTAAATTCGAGAAATTGTTATACCGTTTCACACTGTTCCATATTAAAGGATCGAAAAGGGGAGAAATCATGCTCAGTGAAAATG,1887253,1887267,1,xynP,R,tbdbs,[DB HB HM RG;8012596;Lindner C, et al.;1994],
NC_000964.3,CcpA,NP_390852.1,TGACTGTATTTTTGCTGATTAACGTAATGGTGACTCTGTTTTTTAAAACAAATATGCACGACGTCATTTATCATGCGATTCAGGCTCCGCTTGTCGGACT,TGGAAGCGGTATCA,TTCCAACACTGATTGCCGTGTTTTTCATTCAAATTCTTTGGTTTTTCGGACTGCATGGACAGATCATTATCAACTCCGTGATGGACCCGATTTGGAATAC,627942,627956,1,ydhO,R,tbdbs,[RG;10666464;Miwa Y, et al.;2000],
NC_000964.3,CcpA,NP_390852.1,ATAATTTCAATTTTTTAGTATACTTAACATAGTGAACAATTTCACTGCATCAAGAATAGGGGAGGTTTTTCAATGGGAGAGCTTCAAACACACATGCAAT,TGCAAACGGATACA,ATTCACGAAGGGGTTCGAAAAGAGAATTGGTTTGCGAAAGCCATGAATATAAAAGTAGGCATCATACCGCTTCCTGTGTATGCCTTGCTGTTTATATTAA,3979780,3979794,1,yxkJ,R,tbdbs,[RG;10666464;Miwa Y, et al.;2000],
NC_000964.3,CcpC,NP_389297.1,CTATTTTTATTATATAGGCAGAGTGAAAAAAGAAAGCGCATACATAATTTAAACGAGAATAGGGCTTGAATAAGAAACTAAGATTTTATTAGAATGGGAG,ATAAGAAAAACTTAT,TGATAACAAAAAGGAGGACGACATGCAGCTTCAAGAGCTTCATATGCTCGTAGTTTTAGCTGAGGAATTAAATATGAGAAAGGCGGCAGAACGGCTTTTT,1486007,1486022,1,ccpC,R,tbdbs,[GS FT;11985717;Kim HJ, et al.;2002],
NC_000964.3,CodY,NP_389499.1,TCAGAGACAATCCGATATTAATGATGTAGCCGGGAGGAGGCGCAAAAGACTCAGCCAGTTACAAAATAAGGGCACAAGGACGTGCCTTAACAACATATTC,AGGGAGGAACAAAACAATGAGAATTAACCACAATATTGCAGCGCTTAACA,CACTGAACCGTTTGTCTTCAAACAACAGTGCGAGCCAAAAGAACATGGAGAAACTTTCTTCAGGTCTTCGCATCAACCGTGCGGGAGATGACGCAGCAGG,3635867,3635917,-1,hag,R,tbdbs,[12730172;Bergara F, et al.;2003;DB RG GS FT],
NC_000964.3,CodY,NP_389499.1,GAGAAGTGCCTATCCGAAATTGAAATGGATTGCAAGATGATCTGTCAGACTCAATCCATATACGAACCATATCGTGTTATAAAATCTTCCATGTTTATAT,AAAATTAAATAATTCTG,GTGTATTCTTGATAGATTAATAAAAAAATTATAAAAACTTTTAACATTTGCAATTCCTTTTGTACCAATAATGAAAGCGTATACAATATAGATTGATTAA,2897620,2897637,-1,ilvB,R,tbdbs,[AR RG, ChIP-on-chip, GS;12618455;Molle V, et al.;2003],
NC_000964.3,CodY,NP_389499.1,GCAAGATGATCTGTCAGACTCAATCCATATACGAACCATATCGTGTTATAAAATCTTCCATGTTTATATAAAATTAAATAATTCTGGTGTATTCTTGATA,GATTAATAAAAAAATTATAAAAACTTTTAACATTTGCAATTCCTT,TTGTACCAATAATGAAAGCGTATACAATATAGATTGATTAATCAAAATTGTCTAATAATTTTAAAAAATGCTGTTGACACTGCGTCCAAAGCGGCGTAAT,2897561,2897606,-1,ilvB,R,tbdbs,[AR RG, ChIP-on-chip, GS;12618455;Molle V, et al.;2003],
NC_000964.3,CodY,NP_389499.1,AAAATTAAATAATTCTGGTGTATTCTTGATAGATTAATAAAAAAATTATAAAAACTTTTAACATTTGCAATTCCTTTTGTACCAATAATGAAAGCGTATA,CAATATAGATTGATTAATCAAAATTGTCTAA,TAATTTTAAAAAATGCTGTTGACACTGCGTCCAAAGCGGCGTAATATGAGTTCAACAAAAGATAAATGCAAGCTTCACAAGCGAAAATCATCGCAGTATG,2897506,2897537,-1,ilvB,R,tbdbs,[AR RG, ChIP-on-chip, GS;12618455;Molle V, et al.;2003],
NC_000964.3,ComA,NP_391046.1,AAGAATCTTTCTCAATTTCAGCACATATAAACGCTCTTTCGCATAGAAAGATAGTCCCGTTCTTGTTGTGATTCCTTTGAGTATAAGGACCTATTGAGAT,TTGCGGTGTCACGCAG,GACTTTTTTGCATACTTTTCGGTGAAAAATGAGCCGAAAGCAGACACACTATTAGTAACAGATCAAATACCTAGGACTCGTTCACCATACACAATTCATT,3257361,3257377,-1,degQ,A,tbdbs,[DP DB RG;1901055;Msadek T, et al.;1991],
NC_000964.3,ComA,NP_391046.1,CATATAAACGCTCTTTCGCATAGAAAGATAGTCCCGTTCTTGTTGTGATTCCTTTGAGTATAAGGACCTATTGAGATTTGCGGTGTCACGCAGGACTTTT,TTGCATACTTTT,CGGTGAAAAATGAGCCGAAAGCAGACACACTATTAGTAACAGATCAAATACCTAGGACTCGTTCACCATACACAATTCATTGATCTTTCAAAAAAAGGAG,3257342,3257354,-1,degQ,A,tbdbs,[DP DB RG;1901055;Msadek T, et al.;1991],
NC_000964.3,ComA,NP_391046.1,GAGAGCAAAGAAAAAGCCAGCGGGGAAGCTGGATGGAAAGAAACAAAGTCGGTTTTCACTAAAAGAAAGCACGGGTGTTTGAAAAACCCGTGCTTTTTTG,TTGCGGTTAGCCGAAA,TTCGACAATTGCGGTTATTTTGCGTTCTTCTTTTTCTTGTAAATATGATAAAATATGACATATCTCGGGTAATTCAAAAGGGGGGATTAATTGAGGATGA,1315762,1315778,1,rapA,A,tbdbs,[DP RO DB;1378051;Mueller JP, et al.;1992],
NC_000964.3,ComA,NP_391046.1,AAGTTCATCATCCGCCTTCCTTTAACGGCAAAACAGCAATAGCATACAGGGCGGCGCATCAACTGATGCATCCGCCTTTTTTGCACACCGCTTCGGTTTA,TTGCGTGCTCCCGAAA,ACAAAGATTGCGTGTTTTTCGGGTTGGGACGGCCTATAAACATGATAAAATATGACATAAACAGTTTTTGATGGGAGAGGGTGAAGGAATGAAGAGTGGG,428726,428742,1,rapC,A,tbdbs,[DP HM PE;10464187;Lazazzera BA, et al.;1999],
NC_000964.3,ComA,NP_391046.1,GTAAAGATTGTAAATTGCATTCAGCAATAAAAAAAGATTGAACGCAGCAGTTTGGTTTAAAAATTTTTATTTTTCTGTAAATAATGTTTAGTGGAAATGA,TTGCGGCATCCCGCAA,AAAATATTGCTGTAAATAAACTGGAATCTTTCGGCATCCCGCATGAAACTTTTCACCCATTTTTCGGTGATAAAAACATTTTTTTCATTTAAACTGAACG,376559,376575,1,srfAA,A,tbdbs,[DB RG;1938922;1991;Hahn J & Dubnau D],
NC_000964.3,ComA,NP_391046.1,CAGCAGTTTGGTTTAAAAATTTTTATTTTTCTGTAAATAATGTTTAGTGGAAATGATTGCGGCATCCCGCAAAAAATATTGCTGTAAATAAACTGGAATC,TTTCGGCATCCCGCAT,GAAACTTTTCACCCATTTTTCGGTGATAAAAACATTTTTTTCATTTAAACTGAACGGTAGAAAGATAAAAAATATTGAAAACAATGAATAAATAGCCAAA,376603,376619,1,srfAA,A,tbdbs,[DB RG;1938922;1991;Hahn J & Dubnau D],
NC_000964.3,LexA,NP_389668.1,ATATAATGCTGATTGGCATTTGGCTTTCCAAAGATCGGTGCAAGTAGAAATTCATACGGTTGCTCTCCCCTTCCCAGTTTGATATGATCACATTATAATA,CGAACAAACGTTCT,TTTTCAATCCCCAATGATTTCCTCAGCTTCTGAATCTATCGTATCTAATGCGAAAGATTCAGAAAAACAAACTCTTGTCTGTCTCTTACAGAGGACAAAC,1862877,1862891,-1,aprX,R,tbdbs,[GS AR DB;Au N, et al.;2005;16267290],
NC_000964.3,LexA,NP_389668.1,TCATTATAGTTTACCCCGCTAAACTTTATGTTCAATGTCAATTAGTTTATTCCTCTAAACTATATATGTCAACAAATTTTATTTTCGAGCACTCTACATA,AGAACTCATGTTCG,TGTATAATGAAAGCTATACACACGAAAGGGGGAATTTTAACATGTCAGATTTTGCATTCAAATTGTATGAATATAACGTCTGGGCCAATCAACAAATATT,608805,608819,-1,dinB,R,tbdbs,[DB RG;1847907;Cheo DL, et al.;1991],
NC_000964.3,LexA,NP_389668.1,TTCCGATAGATGGAATAAGTATTCTGATGGGAATTCAAGCCAAAATTTATTGAATTTCATCGAAAATTTAATAAGCTAAATGATGACACTTGTTCAAAAC,AGAACAAGTGTTCT,TTTTTCTATTGAATACCGAACGTATGTTTGCTTTAATGTAATTAGTTGCTTATGGCAGCAAATAATAATAGAGGTGGTAAATTTATGAGAAAAAAAGAAC,3683339,3683353,1,dinC,R,tbdbs,[DB RG;1657879;Raymond-Denise A & Guillen N;1991],
NC_000964.3,LexA,NP_389668.1,GATAAAATTCACCATAAATCCTGCTTCCTGATCCATCTTTATCACCTCACCTTTTATATCATATTGAGCTTTCAGGACAAGTATGATGATGAGTCAAAAA,AGAACATTTGTTTC,TTTTGGAAACCGGCCTTATAATGAAGGAAGAAATGGATCGTAATGAGAAAGAGGTGATAGCATGTCTTTTGTTCACCTGCAAGTGCATAGCGGGTATAGC,2994677,2994691,-1,dnaE,R,tbdbs,[DB RG, Western blot;Le Chatelier E, et al.;2003;14593098],
NC_000964.3,LexA,NP_389668.1,CCTGTAATACCGGTAGACCTCTTTATAGAATGGGAGGTCTTTTTTCTTTGCTCTTAATAATGGAAAAGGATCAAGGAATAGGATGAAAAAAGGAAAAAAA,GGAATATTCGTTCG,GTAAATCACCTTAAATCCTTGACGAGCAAGGGATTGACGCTTTAAAATGCTTGATATGGCTTTTTATATGTGTTACTCTACATACAGAAATTCTTCACTT,2386087,2386101,-1,hbs,R,tbdbs,[GS;Au N, et al.;2005;16267290],
NC_000964.3,LexA,NP_389668.1,ATAGATTCTTTACTCATGATCATAACCTCCAACAGGAATGTTTGTTCGCATTTTTATAATTTCAGTATATACGAACAAACGTTTCTGTCAATTGTTTTTT,CGAACCTATGTTTG,TACTGTAAGGAAAATCATGCTATAATCTTCTTAAAATCGACGTTTTGAGGTGCGAAAAATGACGAAGCTATCAAAAAGGCAACTTGATATCCTCCGTTTT,1918314,1918328,-1,lexA,R,tbdbs,[DB RG;1657879;Raymond-Denise A & Guillen N;1991],
NC_000964.3,LexA,NP_389668.1,AAATCACTGTAAACAGACCGACAAAAATAATAGATTCTTTACTCATGATCATAACCTCCAACAGGAATGTTTGTTCGCATTTTTATAATTTCAGTATATA,CGAACAAACGTTTC,TGTCAATTGTTTTTTCGAACCTATGTTTGTACTGTAAGGAAAATCATGCTATAATCTTCTTAAAATCGACGTTTTGAGGTGCGAAAAATGACGAAGCTAT,1918343,1918357,-1,lexA,R,tbdbs,[DB RG;1657879;Raymond-Denise A & Guillen N;1991],
NC_000964.3,LexA,NP_389668.1,CTGCTTGTATATGACAGCATAAGGATAACCGCGCTCAAAATCACTGTAAACAGACCGACAAAAATAATAGATTCTTTACTCATGATCATAACCTCCAACA,GGAATGTTTGTTCG,CATTTTTATAATTTCAGTATATACGAACAAACGTTTCTGTCAATTGTTTTTTCGAACCTATGTTTGTACTGTAAGGAAAATCATGCTATAATCTTCTTAA,1918380,1918394,-1,lexA,R,tbdbs,[DB RG;1657879;Raymond-Denise A & Guillen N;1991],
NC_000964.3,LexA,NP_389668.1,AACAGATACAATAAAGCTTGAACAGCTTTTTTTGAATACCTTGTCCAGCTGGGTTTCGGCCGTTCGATTTGCGAAGGTCTGCTGCTTTATATATAATAAA,CAAACATACGTTCT,CATAGTGTAAAAACAGCACTAGCCGATGTTTTGAGAAGAACTGATTCGTTAGCTCTATGTTGCGATTGCAAACATATTGGTTATAATGAGGAGTCCAAGG,1933257,1933271,1,parE,R,tbdbs,[GS AR DB;Au N, et al.;2005;16267290],
NC_000964.3,LexA,NP_389668.1,TCGTTGTAGGCAATGCGGTGTATGAAGATTTTGACAGGGCTTTGAAAACAGTAGCGGCTGTGAAAGGCGAGTAGTAAATTGTACGGATTTGGTTTATGAT,AGAACGTATGTTTT,GTATAGGCGGGTGAACAAATTTTGAATTATATTAGCAATCAATTACTAAGCGGTTTAAACCCCGTTCAGCAGGAAGCAGTCAAAACAACGGACGGGCCTC,719334,719348,1,pcrA,R,tbdbs,[GS AR DB;Au N, et al.;2005;16267290],
NC_000964.3,LexA,NP_389668.1,TAGAGCAAAAATAATATTTTCAGCACATTATCCTCCTAAGAAAACATGATTTCTCTGATACATTATGATATTTTGATAGGAATCACGCCAAGAAAAAATC,CGAATATGCGTTCG,CTTTTTTCTTGGCAAATCCCTTCAAACAGGGTATAGTATATGTAGTGGTAACATAAAGGAGGAAAAAATAGAATGAGTGATCGTCAGGCAGCCTTAGATA,1764558,1764572,1,recA,R,tbdbs,[DB RG;Raymond-Denise A & Guillen N;1992;1577687],
NC_000964.3,LexA,NP_389668.1,TGAGGATGTCATCGAACATATGAAGACATACAGCGGGTAGCGTCCGCTGATTGAAGACATGTATTCATGTCTTTTTTTTCGTGAAAGAATGAGAGAGAAG,CGAACATATGTTAA,CTTTTCTATAAGACTTTGGCTGTTTTTATGGTACAATGAAGAACAGTCAAAGAGGTGAATTTGCGTGATTGAATTTGTTAAAGGGACGATTGATTATGTA,2836834,2836848,-1,ruvA,R,tbdbs,[GS AR DB;Au N, et al.;2005;16267290],
NC_000964.3,LexA,NP_389668.1,GTGGATAAATTTACACACACTATCCACTCTTATTACATCACTCTTTAGACAAATTATAAACACGATACTCACAAGTTATCCACTTTTTGGTGTGGATAAC,AGAACGATTGTTCT,TATATGCATTTCATGGTAGATTAAAGATAACTTCAACCTCAGATGAATGCAACTTATCATTGTATGCGTTAAAATCATGAATGATTCCAACTTTTAAGGA,2647329,2647343,1,sda,R,tbdbs,[GS;Au N, et al.;2005;16267290],
NC_000964.3,LexA,NP_389668.1,AGAATAAATCGGACATAATGAATATAAAGACTGAATACCTGCTTTTACGTTTTAAAAGCAGGTTTTTTATACACAAAAACAGCTGGAAATAAAAAACCAC,CGAACTTTAGTTCG,TATTTTTAGTGATTTTGCTTTCCATTGTGTTACTATATCTATAGGAAGATTTCGTTAAAGAAACGGAGGCTTATTTTTGTGAAAGATCGCTTTGAGTTAG,3615008,3615022,-1,uvrB,R,tbdbs,[DB RG DP;1847907;Cheo DL, et al.;1991],
NC_000964.3,LexA,NP_389668.1,AGCTTGTAAACAAACATCTTTAATTTTCCGCTGCTTACATGCCAGAGCGATTCCGATTGAGGGATCGCTTTTTTTATTCGCCAATTGTGAACCATAGAGA,AAAACAAACGTTCG,TGTTAAACTGGAAATAAAGGATTAAACATAAGGAAGGGTAACATATGAACAAACAACTGAAAGAAAAACTCGCCCTCCTTCCTGATCAACCGGGTTGTTA,2912932,2912946,-1,uvrC,R,tbdbs,[GS AR DB;Au N, et al.;2005;16267290],
NC_000964.3,LexA,NP_389668.1,ACCGCTTTGAAAACTTTATACACAAGTTATCCCAAAGATAAGAACAACTTAATCACAAGAGATATCCACATGTCCACAAACTCTATCTATATTTTGTATA,CGAACGTATATTCC,TAACTATATATATACACAGGTTTATTCACTTATACACAGGGTTCTGTGTATAACTCCTTCGTTATACACAAACAAAATCCAATAAATGGTCCAAATGACA,3907653,3907667,1,vpr,R,tbdbs,[GS;Au N, et al.;2005;16267290],
NC_000964.3,LexA,NP_389668.1,GTATTAGACCAATATATCCATACATATTCTGCAACAAGAAGCGTGAAAGTATGAAAAGCAGCGACCTGTTAGAGGGGCTGCTTTTTTCATAACCAATTAC,AGAACATTTGTTCC,TCACCCTGCAGAAAGCTGATTTTTTATCAATGTTACACCTTCATTTGGGCGAATTTCCAACCGAATTCGGGCATTGTTTCATCATCCAAACCTCAAAATA,155969,155983,1,ybaK,R,tbdbs,[GS AR DB;Au N, et al.;2005;16267290],
NC_000964.3,LexA,NP_389668.1,AATATTTGTTGATTGGCCCAGACGTTATATTCATACAATTTGAATGCAAAATCTGACATGTTAAAATTCCCCCTTTCGTGTGTATAGCTTTCATTATACA,CGAACATGAGTTCT,TATGTAGAGTGCTCGAAAATAAAATTTGTTGACATATATAGTTTAGAGGAATAAACTAATTGACATTGAACATAAAGTTTAGCGGGGTAAACTATAATGA,608805,608819,1,ydgG,R,tbdbs,[GS;Au N, et al.;2005;16267290],
NC_000964.3,LexA,NP_389668.1,AAGAGGATGATATATCCAAAGCAAAAACCTTCATTCTTTCATGAATTTAAAGTATTATATAAGCTACTGAAAAAGTTTTGTATAAAAGGTATAATGATAA,AGAACATTCGTTCT,TGTATGGGGTACTTTCTCTGAGAATGAAAATAATGTCTTAGGGTGATATAATGACAAATTTTATTTTAAATGAAAATAAACAGTTATCATTGGCAATTGA,655158,655172,1,ydiO,R,tbdbs,[GS AR DB;Au N, et al.;2005;16267290],
NC_000964.3,LexA,NP_389668.1,GGCAATTCAAGCGCGTTCAAAGCGATCAAACAAGCGCTACGTTTAGCGAAAAACTGATTGGAAAACAGCCTGGGGATTCTCAGGCTGTTTCTTTATTGAC,AGAACGTGCATTCG,CAAGAATTCGGTGCTAAAATAAGGGTACTTCATCCTGGAAAGGAGCAGAATGTTGACTGATCTAACCTTTATTCATGCGGCAGATCTTCATCTTGACAGC,1064782,1064796,1,yhaO,R,tbdbs,[GS AR DB;Au N, et al.;2005;16267290],
NC_000964.3,LexA,NP_389668.1,CTTTCCGATGACAAGGGTTTTTTTAACTAAAAAAAGTAACCAACTTTTGTATATCCGTGGTAGGATCAGTTGTTAATTTTTAGGACTATACACTTGATCC,AGAACGTACATTCC,CATACAATATAAATAATAAACGAAAAAGCGGTGTTTATATGGCTGATTTAAAAGAAATATATAATGAAGAACTGATATCTCAGTTGATCCATCATGTAAG,1056254,1056268,-1,yhaZ,R,tbdbs,[GS AR DB;Au N, et al.;2005;16267290],
NC_000964.3,LexA,NP_389668.1,AAAACGGAGGATATCAAGTTGCCTTTTTGATAGCTTCGTCATTTTTCGCACCTCAAAACGTCGATTTTAAGAAGATTATAGCATGATTTTCCTTACAGTA,CAAACATAGGTTCG,AAAAAACAATTGACAGAAACGTTTGTTCGTATATACTGAAATTATAAAAATGCGAACAAACATTCCTGTTGGAGGTTATGATCATGAGTAAAGAATCTAT,1918314,1918328,1,yneA,R,tbdbs,[NB;12581363;Kawai Y, et al.;2003],
NC_000964.3,LexA,NP_389668.1,ATAGCTTCGTCATTTTTCGCACCTCAAAACGTCGATTTTAAGAAGATTATAGCATGATTTTCCTTACAGTACAAACATAGGTTCGAAAAAACAATTGACA,GAAACGTTTGTTCG,TATATACTGAAATTATAAAAATGCGAACAAACATTCCTGTTGGAGGTTATGATCATGAGTAAAGAATCTATTATTTTTGTCGGTCTGTTTACAGTGATTT,1918343,1918357,1,yneA,R,tbdbs,[NB;12581363;Kawai Y, et al.;2003],
NC_000964.3,LexA,NP_389668.1,TTAAGAAGATTATAGCATGATTTTCCTTACAGTACAAACATAGGTTCGAAAAAACAATTGACAGAAACGTTTGTTCGTATATACTGAAATTATAAAAATG,CGAACAAACATTCC,TGTTGGAGGTTATGATCATGAGTAAAGAATCTATTATTTTTGTCGGTCTGTTTACAGTGATTTTGAGCGCGGTTATCCTTATGCTGTCATATACAAGCAG,1918380,1918394,1,yneA,R,tbdbs,[NB;12581363;Kawai Y, et al.;2003],
NC_000964.3,LexA,NP_389668.1,TAAGCTGTGTCAAATGTTCTGGAAGCATCATTGATGTCCATTTGATTGTTCCTCGATCTCTAAGCATATCGCCCCACTCCTTTATTGATCTAATATTAAC,AGAACAAACGTTCT,TCATTCAAGATAAACCAGAACAAAAGTTCGATGTAAATGTTGGTAATAAAATATAAAGGTCAATGATGATTTGCGTAGTATTAATAAAGGAGGGATTCTT,2272015,2272029,1,yolC,R,tbdbs,[GS;Au N, et al.;2005;16267290],
NC_000964.3,LexA,NP_389668.1,AAGAATCCCTCCTTTATTAATACTACGCAAATCATCATTGACCTTTATATTTTATTACCAACATTTACATCGAACTTTTGTTCTGGTTTATCTTGAATGA,AGAACGTTTGTTCT,GTTAATATTAGATCAATAAAGGAGTGGGGCGATATGCTTAGAGATCGAGGAACAATCAAATGGACATCAATGATGCTTCCAGAACATTTGACACAGCTTA,2272015,2272029,-1,yolD,R,tbdbs,[GS;Au N, et al.;2005;16267290],
NC_000964.3,LexA,NP_389668.1,GCTTCCAGTACAACTTTAATACATAATACATACGACAGCGGCACACCTAGATTAGCCTTAGATGATACAGTAATCGATTATAAATAAAAAATTCTTAACG,AGAACACTTGTTCC,CTTTATGGGTTTTGGTATATAATTTAGTAGTACCAAAAATTTCAAAACAGGGGATGAGAGTATGAGTGAGCAGAAGCTTAGAATCGGAGAAATACGGTAT,2188176,2188190,-1,yorB,R,tbdbs,[GS;Au N, et al.;2005;16267290],
NC_000964.3,LexA,NP_389668.1,TTCTACCCGTTTAACGAAATGCGCAAAACAAATTAGGATCAAGCAGCTTCCCATTGGGGCTGCTTTTTTTATATCTTTTTTACGGTCATCCCCTAAAAAC,AGAACATAAATTCG,TATATCTATAGAAAAGAAATTTTTGCAGAAATGTGAAACATATTCCCGTTATGCATCGTTATATTAATAATTTACGAGAATTTACGGTTTTTTATTCATG,2432237,2432251,-1,ypuD,R,tbdbs,[GS;Au N, et al.;2005;16267290],
NC_000964.3,LexA,NP_389668.1,GAGAAAAATGGATTAGATCTCTTGCCTTACTTCTTTCTTGAGGCCCCATTTGGTACCAAAACCAATCCTTTCCCGTATGTGCCTTCATGTCAAGCTCCTC,CAAACTTTTGTTCT,TTATTCTTTAATTGCCCAATAACCGCGTCACTAAACCAGTCTGCCGCTTCAACACATGTTTTATGAGCATTTTCAGGTGGTATGGAATGTAGAAAGACAT,2561454,2561468,1,yqhB,R,tbdbs,[GS;Au N, et al.;2005;16267290],
NC_000964.3,LexA,NP_389668.1,CCTATCCTTATGCTTCGCTTTTATTCTACTAAATGTTTTTCTTCTCTCAAACCCTTGGATCATATTTTCTGTCAGACAAGAATCATTTACCAGTATAAAA,CGAACATACTTTCG,CATATAATGAAAAGCGAACATAAGTTCTTTTTAGAGGTGTGTATGATGAAAGAAAAAGTGATTTTTCTCGTTGACATGCAATCGTTTTATGCATCTGTAG,2465842,2465856,-1,yqjW,R,tbdbs,[GS AR DB;Au N, et al.;2005;16267290],
NC_000964.3,LexA,NP_389668.1,CTAAATGTTTTTCTTCTCTCAAACCCTTGGATCATATTTTCTGTCAGACAAGAATCATTTACCAGTATAAAACGAACATACTTTCGCATATAATGAAAAG,CGAACATAAGTTCT,TTTTAGAGGTGTGTATGATGAAAGAAAAAGTGATTTTTCTCGTTGACATGCAATCGTTTTATGCATCTGTAGAGAAAGCGGAAAATCCACATTTGAAAAA,2465814,2465828,-1,yqjW,R,tbdbs,[GS AR DB;Au N, et al.;2005;16267290],
NC_000964.3,LexA,NP_389668.1,ATGTCTTTCTACATTCCATACCACCTGAAAATGCTCATAAAACATGTGTTGAAGCGGCAGACTGGTTTAGTGACGCGGTTATTGGGCAATTAAAGAATAA,AGAACAAAAGTTTG,GAGGAGCTTGACATGAAGGCACATACGGGAAAGGATTGGTTTTGGTACCAAATGGGGCCTCAAGAAAGAAGTAAGGCAAGAGATCTAATCCATTTTTCTC,2561454,2561468,-1,yqxL,R,tbdbs,[GS;Au N, et al.;2005;16267290],
NC_000964.3,LexA,NP_389668.1,CTACAGATGCATAAAACGATTGCATGTCAACGAGAAAAATCACTTTTTCTTTCATCATACACACCTCTAAAAAGAACTTATGTTCGCTTTTCATTATATG,CGAAAGTATGTTCG,TTTTATACTGGTAAATGATTCTTGTCTGACAGAAAATATGATCCAAGGGTTTGAGAGAAGAAAAACATTTAGTAGAATAAAAGCGAAGCATAAGGATAGG,2465842,2465856,1,yqzH,R,tbdbs,[GS;Au N, et al.;2005;16267290],
NC_000964.3,LexA,NP_389668.1,TTTTTCAAATGTGGATTTTCCGCTTTCTCTACAGATGCATAAAACGATTGCATGTCAACGAGAAAAATCACTTTTTCTTTCATCATACACACCTCTAAAA,AGAACTTATGTTCG,CTTTTCATTATATGCGAAAGTATGTTCGTTTTATACTGGTAAATGATTCTTGTCTGACAGAAAATATGATCCAAGGGTTTGAGAGAAGAAAAACATTTAG,2465814,2465828,1,yqzH,R,tbdbs,[GS;Au N, et al.;2005;16267290],
NC_000964.3,Fur,NP_390233.2,ATGGGCTGAGACATACTCAGCCTTGCCTTTAAAAAAATATTTGTCACTGAAATTATATTTGACTGTCACATGACATTTGGATATGATTATTTTTATAATT,GATAATGATAATCATTATC,AATAGATTGCGTTTTTCAAGGCGCAGCAGTCTTTTTCGCTGGATGTCTGTTTGGCATTTAGAGCGAAGAAAGGAATTGATGATATGAATGCAAAGGGTAT,3292379,3292398,-1,dhbA,R,tbdbs,[FT;12354229;Baichoo N, et al.;2002],
NC_000964.3,Fur,NP_390233.2,ATCGTTCAGCAAACTGTTTCTTTACTATCCGGAGATTGTCCATGATAAATCAGGAATTTGTCCATGGTGTTATATCTGTTCATTCTCTATAATTCCAATT,GATAATAGTTATCAATTGA,ACAGGAGGCTCTATAGATGAAAAAGATATCTCTTACCTTATTAATCTTACTTCTCGCGCTGACGGCGGCAGCTTGCGGCAGCAAAAATGAATCAACTGCC,183339,183358,-1,feuA,R,tbdbs,[FT;12354229;Baichoo N, et al.;2002],
NC_000964.3,Fur,NP_390233.2,ACTTTTTTCAGCTGATTTAATAGAGTGTTTTGAACAAAAATGAAAATGCATTTGCAAAAATATCGTGTCAACCGGCACTTGCAGTGGTATAATCACAGAT,GATAATGATTCTCTTTTTC,ATCTATCTTTTAGAAAGAAGGTATGAGATATGACCCATATATACAAGAAACTCGGAGCCGCGTTTTTTGCCCTGTTATTGATTGCAGCGCTGGCAGCCTG,3418425,3418444,1,fhuD,R,tbdbs,[FT;12354229;Baichoo N, et al.;2002],
NC_000964.3,Fur,NP_390233.2,CGAATGAATGAAACACTCTCTGTCCACAAGGATCCGTGGAAAGACTTTTTAGAGGATAAACAAACCTCTAAAGAATTATTTGAAAATGTCGTGACCACAT,CATAATGACAAAAACTATC,ATTGAGGAGGAATGGACATGGTAAACAAAGACGTAACAAAAGTATGTATCGGAAAAATTGAAGAATTGCCTGAACAATTAGGCAAAACAGTGTATATTGA,355749,355768,-1,nasE,R,tbdbs,[FT;12354229;Baichoo N, et al.;2002],
NC_000964.3,Fur,NP_390233.2,TGAACGAAAGACCCTTACTTTTACACATAAGTAAGGGTTTTTTTCATGCTAAAAACCCACCCGCTTTATATAGGAAAACTTTCATTTATTTGGTACAATT,TTTATTGAAAATGATTATC,AATTGAAAGCTTCTGAAAAGGTGGTCTACTCGTGCAAAATGCAGTGATTTATCAACCAGTACAAATTGAATATCTAAAAAAGACAAGTGATCTCTTCTCA,185034,185053,-1,ybbB,R,tbdbs,[FT;12354229;Baichoo N, et al.;2002],
NC_000964.3,Fur,NP_390233.2,CACCCAATTGGTTTTTGCCTATTATAGAGTTTTCAGCAATTGACCACAAGGTAGAAGAAATGAATAAACAAAGGCCCTTGAAATATGATATACTTTGTAT,TGATATTCATTCTCA,ATTAAAACTTTGATATAGATGTGAACGGGAGGCAGGACGGATGGCTGAGAATCAAGAGGTATATGACGTTACGATTATAGGCGGGGGGCCGATCGGGCTG,352802,352817,1,ycgT,R,tbdbs,[DB 2D-PAGE RG GS HM;16672620;Ollinger J, et al.;2006],
NC_000964.3,Fur,NP_390233.2,GGATGGAAAATGGTTAGAATGATTAGTAAAATTGATAAATGACTAGGTTAATATTTTTAAAGAATATTGACTAACCCTATAAAAATGGTAATATGTAAAT,GATAATGATAATCAATTAC,TATATGGCCATATTGTTTTGAGTCCTTGCGGAGTAGGAGATACGTTCTTTTTGCTGTAAGGATGTAAGGAGGCAGCATGAAGCTACGTTACTTATTTATT,432276,432295,1,yclN,R,tbdbs,[FT;12354229;Baichoo N, et al.;2002],
NC_000964.3,Fur,NP_390233.2,GAAACTTTTTGTCGATTTGTTGAATGTTTGTAAATTGGCCAAGAATAGGACTCTTTTCATCTTTACAGGCTATTGCGGACATTGTATACTGAAGTTAATT,GATAATGATTATCAATATC,GTTTGATTGGAGGTTGGTGACACAATGACACCTCAGTCTGCAGAAATCAGAAAAAAACAGCTCATTCATCTGTTAATACAGAATGGTATATACAAAAAGT,506643,506662,-1,ydbN,R,tbdbs,[FT;12354229;Baichoo N, et al.;2002],
NC_000964.3,Fur,NP_390233.2,GGTTCAAAACACAATCAATGCTTTATTAGATGAATCAGGCGGTGAAGGTGTCGGCAGTCAAGGTACAGATCAAGCGCCACTTGATGAAGCGGTTAAACAT,GCTAATCCTCATCATTATA,TTATTGGAGCGCAAAGTTCCCTTCCTGTTGATGCAGGGGGCAATCCGTGGAACGGGTCGTGGGTGTATAACCACGGAAACTTAATTACTGACCTGCTGGA,634440,634459,-1,ydhU,R,tbdbs,[FT;12354229;Baichoo N, et al.;2002],
NC_000964.3,Fur,NP_390233.2,AAGTGAACATGACAGGAACAGCCGTTTACTCAGAAACCCGTATTCTTAAAATCTAATACGGATGATGGTTTACAAAAAGATGCACTTTCCGTTATCATTA,TGAAATGATAATCATTTTC,AATTGCATAGGAAGGTGAGACGGTATGCCTCAAACCGAACAAATACATCAGCATTCAGTACTGAGGGACATCATACGCAGCAGAAGATCGATTCGAAAGT,923543,923562,1,yfhC,R,tbdbs,[FT;12354229;Baichoo N, et al.;2002],
NC_000964.3,Fur,NP_390233.2,ATAGCATGCTGATATGCTTTTTCATCTTTTTCCTCCCAATATTGAAATTCATTATCATTTAGATCATAATAAGCAGTGTTAAGAGTGTCAATCCCTAATT,GAGGATTATTCTCAAAAAC,AAACATTACATAGTAAATAACTAGGAGAATTAGATCATGATCTGCAAAAAGGCATCTTCAAAATGGATTGTGTTAGTATGTCTGATTTTCATTTTACTGA,920418,920437,1,yfiZ,R,tbdbs,[FT;12354229;Baichoo N, et al.;2002],
NC_000964.3,Fur,NP_390233.2,TGTTGCTTGAACTTTCTGAACTATTACAGGCAGAAAGTACCATAACGGCCATTAAAAATACGAATAGCATGCTGATATGCTTTTTCATCTTTTTCCTCCC,AATATTGAAATTCATTATC,ATTTAGATCATAATAAGCAGTGTTAAGAGTGTCAATCCCTAATTGAGGATTATTCTCAAAAACAAACATTACATAGTAAATAACTAGGAGAATTAGATCA,920355,920374,1,yfiZ,R,tbdbs,[FT;12354229;Baichoo N, et al.;2002],
NC_000964.3,Fur,NP_390233.2,CGTAATCCATCATGTTGGCATGAATATCAGTCGTAGCCAAAATACTCAGATGCACCTGAGGAGCCGCGCTTTCTTCTGCATGAATGGGTGGTGTTGGGAG,GATTAGGCTAAGTATCATA,ATTGGGGGCAAAAGAATACGGAGAATGTTTTCGACGTGTGTTCGTCTTTTCTGTATTCTCACCAGTTCTCCACCTTTCAACGAAATTTGTGTTACAGCTC,859421,859440,1,yfkM,R,tbdbs,[FT;12354229;Baichoo N, et al.;2002],
NC_000964.3,Fur,NP_390233.2,TTGTGTCTGATGATGCTTTCATGAGAAAGCAGTAAAAACGCAGCTTTCTTTACTAAAAAAATATTGACATGATAAGCCATGCTATTATAGTGTTACATGT,GATAATGATTCTCATTACT,AAATCTGAAAAAAGGAAGAATGACATGCGCACCTATTCTAACAAGTTGATTGCCATCATGAGTGTTTTATTGCTCGCCTGCCTCATTGTATCCGGCTGTT,826758,826777,-1,yfmC,R,tbdbs,[FT;12354229;Baichoo N, et al.;2002],
NC_000964.3,Fur,NP_390233.2,CTTTTTTGTGGACAGGATGATCAGCTGCTGAACTGCTGTGTCGCGAAACAAGATTTTCCTGTAAGCCGAACTTTCTCTTCTCATTTTAAAAATAATTGGT,GATAATGATTCTCATTCCG,TGTTATACTACTCTTGGACATCTTAACCATAGAAACTACCAACAGGAGAGACTGGAACATATGAAAAAAACACTGATTATTCTTACAGTTTTACTTCTTT,1107653,1107672,1,yhfQ,R,tbdbs,[FT;12354229;Baichoo N, et al.;2002],
NC_000964.3,Fur,NP_390233.2,AAACAAGTTCAAGCTTTTGTACAAGTGATAAAGGATATGCTGGATCAGGAAAATCCATTTTAAAGACAGCGAGGTGCTGTCTTTTTTTTATTTATCTGTT,GACAATGAAAATCATTATC,ATTTAAAGTGATACATATGATATTGAAAATCATTATCAACTAATGGGGTGATAACATGGCTAAAGCCTTGATTACATATGCCAGCATGTCAGGAAATACA,1486963,1486982,1,ykuN,R,tbdbs,[FT;12354229;Baichoo N, et al.;2002],
NC_000964.3,Fur,NP_390233.2,TGCTGGATCAGGAAAATCCATTTTAAAGACAGCGAGGTGCTGTCTTTTTTTTATTTATCTGTTGACAATGAAAATCATTATCATTTAAAGTGATACATAT,GATATTGAAAATCATTATC,AACTAATGGGGTGATAACATGGCTAAAGCCTTGATTACATATGCCAGCATGTCAGGAAATACAGAAGACATTGCCTTCATAATAAAAGATACGCTTCAGG,1487000,1487019,1,ykuN,R,tbdbs,[FT;12354229;Baichoo N, et al.;2002],
NC_000964.3,Fur,NP_390233.2,TTTTTCATAAGTACCTACATTTGATATATGAATGATAGTGAATTTGCCTTAAAATCAACTATGAATCTATTTCCTCTTTCAAACCAGATGGATTGAGTCT,TATAATGATAATGATTCTC,ATTTGAAGTCTGGTTTGAGGAGGACCAAATATGAAAAAGATCATGAGTGCATTTGTTGGTATGGTTTTGTTGACGATCTTCTGTTTTTCCCCGCAAGCTT,2033655,2033674,-1,yoaJ,R,tbdbs,[FT;12354229;Baichoo N, et al.;2002],
NC_000964.3,Fur,NP_390233.2,TTGATAGTCTGCAGGTACCTTATTTGATCAAGGTGCCTTTTTTATTCGGGAAAAAGTTGACTTTCTTTGGAAGAAAACCTATTATTTGAGGTGTCTAGTT,GATAGTGAAAATCATTATC,ATACATTGCGGTTTAGTTTAAGGAGAGGAATGTCGTACTGCATGAAAGAACAAACAACAGACCGGACAAATGGCGGGACATCAAACGCATTTACGATTCC,3293400,3293419,-1,yuiI,R,tbdbs,[FT;12354229;Baichoo N, et al.;2002],
NC_000964.3,Fur,NP_390233.2,GATTTAAAATTGAAGCTGAAGGACGGCTCCATCAGAGAAATCAAGAAGTAATCTTGTGATAAAAAACCCATAAACGTCAATTATGTCCATAAAACTAATT,GAAAATGATTTTCAAAGTC,AGTGTTTTCTGCTACAATGAGGGATATATGACCATATCAAATGGCTGAATATCGGAATCATTTGCATTGATGACAATTGACTTAAAAGCATGTATATAGA,3380088,3380107,-1,yusV,R,tbdbs,[FT;12354229;Baichoo N, et al.;2002],
NC_000964.3,Fur,NP_390233.2,ACCCATAAACGTCAATTATGTCCATAAAACTAATTGAAAATGATTTTCAAAGTCAGTGTTTTCTGCTACAATGAGGGATATATGACCATATCAAATGGCT,GAATATCGGAATCATTTGC,ATTGATGACAATTGACTTAAAAGCATGTATATAGAAAACGTGCAATACATAGTGCTGCTAAAAAGCCAGCAAAAAGGAGCGGTTATGGGTATGAGTGCAA,3380023,3380042,-1,yusV,R,tbdbs,[FT;12354229;Baichoo N, et al.;2002],
NC_000964.3,Fur,NP_390233.2,GGGCTGTTCTGTAAAAGGACAGCTTTTTTGCTGTCCATCAAGGTTTTCAGACCTTCAAATTTTAATTGACAAAGGACAGGAACTGGCTATGATTATGTTA,TACAATGATAATCATTTTC,AATTATAGGAGGAACATGATGGCTCGGGGGCTGGCACTTATTCTATTCAGCTTGTTGATGGTTTTCGGTTCTGCGGCACATGCGGAAGATGATCCGATCG,3930568,3930587,-1,ywbL,R,tbdbs,[FT;12354229;Baichoo N, et al.;2002],
NC_000964.3,Fur,NP_390233.2,AGAGGTGTGGCTGACCGGACAAAAGAGTCGTTTGCCCGCCTGTTTTCAGGTGTTCTGTAAGAAAAAAGAAATCTGATCTTACAAAACAGCCCGTGTATAG,TATAATTGAGAAATATTAT,CAGTTATTTATACATTGGGGGAAGATAGGGTGCTGCGGCAATTTTTTTCATATTATAAACCATATAAAACGTTGTTCTTTCTCGACTTTTTCTCAGCGAT,3821510,3821529,-1,ywjA,R,tbdbs,[FT;12354229;Baichoo N, et al.;2002],
NC_000964.3,Fur,NP_390233.2,ATAATCGATTAGGCACACCGCGTCACCCATAAACGGGAAAAACTTTCTCCCTTAAAAATAGTGATAGACGGAGAACAGGTTTCTTGCTATATTATTAATT,GATAATGATAATCATTACT,AATCTATTGAGATACATAGTGGGAGGGTTCTTGATGAAAAAGAACATATTGCTCGTGGGCATGCTTGTGCTGCTTCTCATGTTTGTCAGCGCTTGCAGCG,4067130,4067149,1,yxeB,R,tbdbs,[FT;12354229;Baichoo N, et al.;2002],
NC_000964.3,GerE,NP_390719.2,ATCTTGGTTTTCTTCTCGATCCACTTGTTTCTCTAAATCCAAATCATCCCTCTCCCTTATCCTTATCTCTGTTTCACAATATGTGCGACTTCGATTTATG,GTATAGGCTATG,TCCACTCCATTAAAAAATCAGCATTTTCCTTAAATAGATGAAAAATAGATCAGGTACGGCGTTCGACTCATACCAAATAACAGCCGGAAGAATATGAATA,2148529,2148541,1,cgeA,A,tbdbs,[HB;7592393;Roels S, et al.;1995],
NC_000964.3,GerE,NP_390719.2,AAAGCAAAATAAAATGCAGATCATCTTGGTTTTCTTCTCGATCCACTTGTTTCTCTAAATCCAAATCATCCCTCTCCCTTATCCTTATCTCTGTTTCACA,ATATGTGCGACT,TCGATTTATGGTATAGGCTATGTCCACTCCATTAAAAAATCAGCATTTTCCTTAAATAGATGAAAAATAGATCAGGTACGGCGTTCGACTCATACCAAAT,2148507,2148519,1,cgeA,A,tbdbs,[HB;7592393;Roels S, et al.;1995],
NC_000964.3,GerE,NP_390719.2,GATGTGATCTGCGAGTATATTAAAAACCGTTCACAATACCTCAAAGATCATTTAAGTATTTTATGAATGCGTGAAAATGGGTATTCGCGGAAAAAGCGAC,AATTAGGCTATT,GAATTAGTTCAACAAATAAATGTGACACGTATATATGCAGTATGTTTATCATCTATGTATAAGTGACTAGGAGGAATTTGAATGAGCAAGAGGAGAATGA,3715962,3715974,-1,cotB,A,tbdbs,[GS FT RO;1518043;Zheng L, et al.;1992],
NC_000964.3,GerE,NP_390719.2,TTACTTGTTCTTTGTTGTGGTATTTTTGATTGCTTTTGTGTTTTCAAACTTTAAAGACAGCTTAATTGCACACTTTTAAAATAGGTCTTTGCATCAGAAC,ATGTACCCCTTA,TTTTTCATAACTTAGTATTGTAATAAAGTTTATGGAAAGGGGATTTTATCATGCATCACTGCAGACCGCATATGATGGCGCCAATTGTCCATCCTACTCA,2333061,2333073,-1,cotD,Pos/Neg,tbdbs,[FT;10075739;Ichikawa H, et al.;1999],
NC_000964.3,GerE,NP_390719.2,CACAAGAGCAAAAGAACACAAAACCGTTAAGCCGCAGAGAGCAGCTCATTGAACAGATCAGACAAAGACGGAAAAACGATAACAATTAGCCAATCATAAA,AAATAGGGTTCT,TCATCAGGATATATGACTCAGTCAAAATAAGAGGCTCGCTCATTTAATAACAGTAAAAGAAAAGGAGGAATAGATATGGAAAGCAGACCATATTCTTGGG,1251249,1251261,-1,cotX,A,tbdbs,[FT RO;7519271;Zhang J, et al.;1994],
NC_000964.3,GerE,NP_390719.2,CCGTTAAGCCGCAGAGAGCAGCTCATTGAACAGATCAGACAAAGACGGAAAAACGATAACAATTAGCCAATCATAAAAAATAGGGTTCTTCATCAGGATA,TATGACTCAGTC,AAAATAAGAGGCTCGCTCATTTAATAACAGTAAAAGAAAAGGAGGAATAGATATGGAAAGCAGACCATATTCTTGGGTTGCACTTGATCCTGACTGTGAC,1251226,1251238,-1,cotX,A,tbdbs,[FT RO;7519271;Zhang J, et al.;1994],
NC_000964.3,GerE,NP_390719.2,TACACTCGTAGCCATCCTAGTTATCACTCTTGTCCTCTAGGACCTAAAAGCAGAGCTAAAAACGCTCTGCTTTTTCTTATTTTCCAAGCATATGATGAAT,ATATAGACGTTC,ACCCACACCAAGTGGGGCACGGGTACATATGTTGTTAAGGACTAAAGTCAAATACCCTATAAAGAAGGAGCTGAAATCAATGAGCTGCGGAAAAACCCAT,1250583,1250595,-1,cotY,A,tbdbs,[FT RO;7519271;Zhang J, et al.;1994],
NC_000964.3,GerE,NP_390719.2,TCAAGCTTCAGCATGGGCTTGATACGTATGAGCGTGAGCTGAAAGAAATGAAACGCCTGTATAAACAAAAAACAACGCTCTTAAAAGACGAAGAAGTCAA,ACTTGGACGAAT,GGAAGTCGAGCTTGATAATTTACTCCAATACTTACGGGAGGAATACAGCTTGTCCTTTGAGGGGGCAAAAGAGAAATATCAGCTTGAAACTGATCCAGAG,1669348,1669360,1,ftsY,A,tbdbs,[PE NB;11021934;Kakeshita H, et al.;2000],
NC_000964.3,GerE,NP_390719.2,GATGATGTACGATTTCATATGCAAACACCTTTTCTATTATAATGTCTATTCATTTTACCAAATCAAATGCTTTCCTTCGACCTTTTGCCCTAATGTGGAA,AAACCGCGAAGTT,CGTCCAATCTCTTTACTCTCCTATCGAATATCCTGTCACTATCAATAGAGAAAGGATGATACCATGAGCGAAAATCGTCATGAAAATGAAGAAAACAGAC,3353989,3354002,1,sspG,A,tbdbs,[DB RG;9852018;Bagyan I, et al.;1998],
NC_000964.3,GerE,NP_390719.2,TTTGATAAAGCCGGTCTGGAATTTGAAGATGAGATTGAAGAGCTGGCTGAAAAAACGGAGGCCTTACTTAAAAAACATCAAGCTCAATATGATCAATCGT,AAATCCGCAAACGCCCTATGC,GAATATCCAAGCCGATCCCAGCAGCTCACATAGTGTATAGAGAGTAAAGGAGGTGCTTATCTATGGGCTTTGGATACGGATTCGGCGGCGGCTACGGCGG,1253019,1253040,1,yjcZ,A,tbdbs,[NB DB HM;14523132;Kuwana R, et al.;2003],
NC_000964.3,GlpP,NP_388808.1,ATCTAATACCAAATTGTGGAAAAAATATGAAAACTTTTTGACGGAAAGTGATTGACACCGCTTTCATGCACTGATACAATTGCACTAGGTTAATACATTG,TGATGGAGAACTCGGAGACC,ACAGCAGCTCTTTACGGCAAATGTTTATGCACCCGTAAAGCGGTTTGTTGTGGTTTTTTTATTCTCTTCTTCTCTATCATGCTTTTTAATCGTGACTTTA,1002367,1002387,1,glpF,A,tbdbs,[8436953;Beijer L, et al.;1993;DB NB],
NC_000964.3,GlpP,NP_388808.1,AATATTCACTTCCCTAAGGCCCAATTTGAAAATTACCCGTTTACATTCGCTCCGGACTATGATAATTTAAGAAAGCGCTATCATGATAAGTTAATAGCTT,GGATGGAGATGAGGAGAGCC,AGGAATCCAACCCCTTTTGACAAGGGGTGTTTTCTGGCTCTTTTTGTTTTTCGGGAAAGGAGGCACGCCACACATCCAGCACAAACAGCAAAGGGGGATA,235435,235455,-1,glpT,A,tbdbs,[HM;8012593;Nilsson RP, et al.;1994],
NC_000964.3,GltC,NP_389728.2,CACATGCAAATGATCAGCGGCTTCTGAAACGTGTTCTCTTTCAGCCACCTCCATAAAATAACGCAGTTGGCGCAGCTCCATGTTTGTCTCACATCCATCT,ATCTCATTTTGAGAT,TCTTTTGATCTAAATTATATATTGTTTATATCGTTTTGAAAACCTACAATGATTATAGAGTTGTTAGATTTTATGACCGGTATTATCGGAAATTGATCGG,2014744,2014759,-1,gltA,A,tbdbs,[SDM DP;7559359;Belitsky BR, et al.;1995],
NC_000964.3,GltC,NP_389728.2,TCTGAAACGTGTTCTCTTTCAGCCACCTCCATAAAATAACGCAGTTGGCGCAGCTCCATGTTTGTCTCACATCCATCTATCTCATTTTGAGATTCTTTTG,ATCTAAATTATATAT,TGTTTATATCGTTTTGAAAACCTACAATGATTATAGAGTTGTTAGATTTTATGACCGGTATTATCGGAAATTGATCGGGGGAGAGGAATTATGACGTACA,2014722,2014737,-1,gltA,A,tbdbs,[SDM DP;7559359;Belitsky BR, et al.;1995],
NC_000964.3,GltC,NP_389728.2,AGCCACCTCCATAAAATAACGCAGTTGGCGCAGCTCCATGTTTGTCTCACATCCATCTATCTCATTTTGAGATTCTTTTGATCTAAATTATATATTGTTT,ATATCGTTTTGAAAA,CCTACAATGATTATAGAGTTGTTAGATTTTATGACCGGTATTATCGGAAATTGATCGGGGGAGAGGAATTATGACGTACAATCAAATGCCAAAAGCTCAA,2014702,2014717,-1,gltA,A,tbdbs,[SDM DP;7559359;Belitsky BR, et al.;1995],
NC_000964.3,LicT,NP_391787.2,TGTTCTAGAAACGATAGTCAACACCAAAAATGAAAGCGTTGACATCTCACGAATCTAGTGCTAAAGTATACCTACAAACAAATAAAACGACCCGTCAGGA,TTGTTACTGCGAAAGCAGGCAAAACC,TAAATGGTGCAGGTGCAGGAGGAGACTCTCGCAATCTGTGTCATTTAGGTTTTTTTATTCTCTTTTAGGAGGTGATGCAGCATTTGATACAAAAAAAGCT,4035763,4035789,-1,bglP,A,tbdbs,[RG DB;Kruger S & Hecker M;1995;7559347],
NC_000964.3,LicT,NP_391787.2,CCATTCACATAGAAAGGGTAGTTAAACAAGCATAATGAGAGCGCTGACATTTGTGTTTCCTTGTGTTCACTTTTTCTTACATTCACATATGAAAATGGTA,GGATTGTTACTGATAAAGCAGGCAAAACC,TAAATTGCAATGAGTGCGGATCATCTCTGTCTGTGCTGATGGTAATTTAGGTTTTTATTTTTTTCAGAGGGAAGATGATGATAGTTACAGGATTCAAGTT,4012771,4012800,-1,bglS,A,tbdbs,[HM;3118760;Steinmetz M & Aymerich S;1986],
NC_000964.3,LmrA,NP_388150.1,AGTCAGCTTTTCTCTCAGTATTTTTTGTTGTCATATCCTTCTTTTTTTGTCTTTTCATACAATGAATTTTTCTTGACAATTGATGATTGAATCAAGATAA,TAGACCAGTCACTATATT,TTTGATTGCAATTCAGTAAGGTGGGAATGTTATGAGTTATGGAGATTCCCGTGAGAAAATCCTTTCGGCAGCTACCCGGCTTTTTCAGCTGCAAGGGTAT,290729,290747,-1,lmrA,R,tbdbs,[12718394;Murata M, et al.;2003;DB NB, promoter mutations],
NC_000964.3,LmrA,NP_388150.1,GTTAACGAATAAAGACAAAACGCCTCTTCTTCTCATTGCCGAACAAATACCAGTGCTGGTGAGAAAAAAAGGGTAGCATTTTGTTATCCTTTCTCCTACA,ATTATATAGAACGGTCTA,GACAAATGAATGATAATATATAGACTGGTCTAAATTGGAGGAAGCGATAATATGAAAACATTATGTACACATTCATTGCCTAAAGAAAAAATGCCTTATT,4107309,4107327,-1,yxaG,R,tbdbs,[15317768;Yoshida K, et al.;2004;GS AR FT],
NC_000964.3,LmrA,NP_388150.1,TCATTGCCGAACAAATACCAGTGCTGGTGAGAAAAAAAGGGTAGCATTTTGTTATCCTTTCTCCTACAATTATATAGAACGGTCTAGACAAATGAATGAT,AATATATAGACTGGTCTA,AATTGGAGGAAGCGATAATATGAAAACATTATGTACACATTCATTGCCTAAAGAAAAAATGCCTTATTTGCTCCGGAGCGGAGAAGGCGAGCGCTATCTG,4107277,4107295,-1,yxaG,R,tbdbs,[15317768;Yoshida K, et al.;2004;GS AR FT],
NC_000964.3,PerR,NP_388753.1,TGAGAATCAGCCTCTCATTTATTATAAAAGAAATGCCTAAATCCTACCTGTCACACCTTTATTAAGATGAAAAAAAGTAGGTTATGGCTTGACAAAAAAT,ATATATTAATTAATAATTCATATATA,ATTAGAATTATTATTGAAAGCGATTATGCTTTCTAATACATTTTTAGGAGGAATATACATTATGTCTTTAATCGGTAAAGAAGTACTTCCATTCGAAGCA,4118862,4118888,1,ahpC,R,tbdbs,[FT;11532148;Herbig AF, et al.;2001],
NC_000964.3,PerR,NP_388753.1,AAGAAATGCCTAAATCCTACCTGTCACACCTTTATTAAGATGAAAAAAAGTAGGTTATGGCTTGACAAAAAATATATATTAATTAATAATTCATATATAA,TTAGAATTATTATTG,AAAGCGATTATGCTTTCTAATACATTTTTAGGAGGAATATACATTATGTCTTTAATCGGTAAAGAAGTACTTCCATTCGAAGCAAAAGCATTCAAAAACG,4118889,4118904,1,ahpC,R,tbdbs,[FT;11532148;Herbig AF, et al.;2001],
NC_000964.3,PerR,NP_388753.1,ATCTCTCTTTGAAGCATACTTATCTCCTGTTTTAATGGAAAAGCTTACATCTAGACTTTTTTAAAATCATTATTAAAAGAAAACCATTTTATTTATCAGT,TTATAATAATTATAG,TTGGAACTCTGCGCGTATTTTGTTATAATGAGTCATGGAATGCGGCGTAGGAGGGAAAGACATGGAAAACCGTATTGATCGTATTAAGAAACAACTGCAC,2450351,2450366,-1,fur,R,tbdbs,[FT;12029044;Fuangthong M, et al.;2002],
NC_000964.3,PerR,NP_388753.1,TTCCCTGAAGCTTTTTCTAATATAGCATAAGAATTTTAAAATCTGTTCACATTTTGTGAAAGAAACTATGTTATAATTATTATAAATAATGAGTTCTATG,TTAGAATGATTATAA,ATTAAGATTGGGTGTTGGGGGTGTAATTAGAGCGATGCATATACTTGTTGTGGGAGTAGATTATAAATCCGCCCCTATTGAGATACGTGAAAAAGTAAGT,2879167,2879182,-1,hemA,R,tbdbs,[FT;11532148;Herbig AF, et al.;2001],
NC_000964.3,PerR,NP_388753.1,GCCTTTTTTTCGGTTTTTGCGCGGTACACATAGTCATGTAAAGATTGTAAATTGCATTCAGCAATAAAAAAAGATTGAACGCAGCAGTTTGGTTTAAAAA,TTTTTATTTTTCTGT,AAATAATGTTTAGTGGAAATGATTGCGGCATCCCGCAAAAAATATTGCTGTAAATAAACTGGAATCTTTCGGCATCCCGCATGAAACTTTTCACCCATTT,376522,376537,1,srfAA,A,tbdbs,[GS FT;Hayashi K, et al.;2005;16166527],
NC_000964.3,PerR,NP_388753.1,GCGCGGTACACATAGTCATGTAAAGATTGTAAATTGCATTCAGCAATAAAAAAAGATTGAACGCAGCAGTTTGGTTTAAAAATTTTTATTTTTCTGTAAA,TAATGTTTAGTGGAA,ATGATTGCGGCATCCCGCAAAAAATATTGCTGTAAATAAACTGGAATCTTTCGGCATCCCGCATGAAACTTTTCACCCATTTTTCGGTGATAAAAACATT,376540,376555,1,srfAA,A,tbdbs,[GS FT;Hayashi K, et al.;2005;16166527],
NC_000964.3,PerR,NP_388753.1,AAGCGCTTCAAACCCTCAAAGATATGTCTGAAAAGTAAATCTCTATGAGCCTATGCTTACTTTTACCCTGATATCAATTGACAAATTATCGTAGAAAGAG,TTACACTAATTATAA,ACATTACAATGTAAGAATTTTTTTTAGAAGAGAGGTGCATGACGGATGGCTGCACATGAACTAAAAGAAGCCTTAGAAACGTTGAAGGAAACCGGAGTTC,944426,944441,1,perR,R,tbdbs,[FT;12029044;Fuangthong M, et al.;2002],
NC_000964.3,PerR,NP_388753.1,AAACCCTCAAAGATATGTCTGAAAAGTAAATCTCTATGAGCCTATGCTTACTTTTACCCTGATATCAATTGACAAATTATCGTAGAAAGAGTTACACTAA,TTATAAACATTACAA,TGTAAGAATTTTTTTTAGAAGAGAGGTGCATGACGGATGGCTGCACATGAACTAAAAGAAGCCTTAGAAACGTTGAAGGAAACCGGAGTTCGCATTACTC,944435,944450,1,perR,R,tbdbs,[FT;12029044;Fuangthong M, et al.;2002],
NC_000964.3,PerR,NP_388753.1,CCCGATGACAGCGGAACAACTGAAGGAATGGACGGAAGAATAGCTGAGAGCATAGACTCTCAGCTTTTTTCATATAGAGAAGAAGTGAATAAACATTAAT,GATAATTATTATCAA,AAAGAAATTAAAATAATTATAATTGAAATTCTCTTCGTGCGTGCTATAATAAAGGAAGACATCAAGAAATAACTGACGATAAAGCTGCCTTTTGGGCAGC,1451192,1451207,1,ykvW,R,tbdbs,[FT;12426338;Gaballa A, et al.;2002],
NC_000964.3,PerR,NP_388753.1,AAGGAATGGACGGAAGAATAGCTGAGAGCATAGACTCTCAGCTTTTTTCATATAGAGAAGAAGTGAATAAACATTAATGATAATTATTATCAAAAAGAAA,TTAAAATAATTATAA,TTGAAATTCTCTTCGTGCGTGCTATAATAAAGGAAGACATCAAGAAATAACTGACGATAAAGCTGCCTTTTGGGCAGCGATTTTGTTTTTATAAGAGAAA,1451214,1451229,1,ykvW,R,tbdbs,[FT;12426338;Gaballa A, et al.;2002],
NC_000964.3,PerR,NP_388753.1,CAAAAAAATATTTTCGATCAGTTAAGCTAATTGAGAATAAGAACATATCATGAACATTAAAAATTTGCTGGATTGACACATTTTTTTCTTAGGATACTGT,TCACACTTACTTTTTTATAGTATAATACCTGTAAAGATTCCTTTTTTAGAGTAATTTCAATTTAAGA,ATAAAATAGATGTTCATCCTACTAATTAGAGGAGTGAAGATGAATGGTTACACTATACACATCACCAAGCTGTACTTCATGCAGAAAGGCGAGAGCGTGG,1227586,1227653,1,yjbD,R,tbdbs,[FT;Leelakriangsak M, et al.;2007;17158660],
NC_000964.3,PucR,NP_391122.1,AGACACAGCTAGTATAATTTGAAAAAACCATCTGCATTTGGCAGATGGTTTTTTTCTATAATACAGCCACAATCGGTTTCTTATTTAGCAAATCCCCCAA,ATACTTTGTTTAT,TTTGCACTTTTTTAAGAATGTTCTTTGCATTCTTTTCGGCTATACTAATAACACTCTATTGACAGGAGGGATTGGGATGAATCATGAAACGTTCTTAAAA,1383223,1383236,-1,guaD,A,tbdbs,[DP;12029039;Beier L, et al.;2002],
NC_000964.3,PucR,NP_391122.1,CTCTCTTTCGCTCTTGCTGGCTCTCTTCCTTACCGTGTTTTCTTTTGACCTTTACATCAAAATAGTTGTGACATGTAGGGTGTATCTGGTTGCTGGATGG,ATACTGTGGCTAA,AAAATAAACGTTTTTTTGGTTAATCTGTCAATGAACTATCATGTTGCTCCTTCTATAATGAAGTCACCATAGCGGCCAGAGGGGGGAGTACATGGAAAAG,3343762,3343775,-1,yurH,A,tbdbs,[DP;12029039;Beier L, et al.;2002],
NC_000964.3,PucR,NP_391122.1,TCTTTCCCCTCCTGCTTTTCCAGCGATTAAATTGGCGTTTTCAAAAGCCGGTATTTTCATCACATCAAGAATATTCATAGCGCATTCTCCTTTTCTATAA,AAACATTGGTTAA,GGTGAATAATTTTCAATAGGAATTCTAGCGGTTTTGCTGATGTAATACGATCATAGTAGCAGTAAACTGTTGAAAATAGAACTGGTTGTGTTACATAAAC,3328726,3328739,-1,pucH,A,tbdbs,[DP;12029039;Beier L, et al.;2002],
NC_000964.3,PucR,NP_391122.1,TGATTATAGCGGGCGGAGCAAGCCTGTTAATGGCTGTGAGATTTGCTGCATTAATGAAAACTGCATCTTAAGAAAGAGACGGGCTCTGAGGTCTGTCTCT,TTTTCTTGTTTAA,GCTGTTCAAATACAAACGGGAAAATTGTATATCATAGCCAGTGTTATTGTCTGACTCTTCAGTTATATTAAGTGACATCTAATGTCAAAAAACATAACGT,3753890,3753903,-1,ywoE,A,tbdbs,[DP;12029039;Beier L, et al.;2002],
NC_000964.3,PucR,NP_391122.1,CTTAAAAGATCCTGAAACAACGATGCGTTTGCGGCTTGCATTACGTATGCAGCGGCTGATCAGCTAAAGTTTGTTACATTTTCTTACAAAACGAATCGTT,TTTCGTCACTTTC,AGCAATCACACCTGTCTTTTTCAGCTACTGTATCCAATGACACCCCTCGACCGGAACGATATTATGTTACTAAAGTTCACATACAGGGAGGGACTATAGT,3330390,3330403,1,pucJ,A,tbdbs,[DP;12029039;Beier L, et al.;2002],
NC_000964.3,PurR,NP_387928.1,GGCGGTTTATGAGTGCGAATGAAAGGACTGCATAGCCAGTCTTTTCTTTTATTTTAAGATAGTGAAATAAATTCCGAACTTTAAATTAAATTTAAGTTAT,TAATATTCGTTTT,TACCAATAAAAATTTAGATTTTTTAAAAATAATCTTTTACATCGGCCTTAAAAACCATGTACAATAGTGATGGTAAAAACAAAGAACAGGATACGGATAG,3790552,3790565,-1,glyA,R,tbdbs,[HM DB RG DP SDM;11591660;Saxild HH, et al.;2001],
NC_000964.3,PurR,NP_387928.1,GATACCTAAACTCACCCTGCATGACAAGCTTCGGCACTTGCACCACACCTGCCAGCAAATCATAATGTTTGACATCCTAAATAAAACAGAGTACATTATA,TAAGGCGAACATTT,CATATATTATACTTTTAAATATTCGTTTTTAGGAGTGAAAACCATGGAAAACGTATTTGATTACGAAGATATTCAGCTAATTCCTGCAAAATGCATTGTG,3302984,3302998,1,guaC,R,tbdbs,[HM DB RG;11591660;Saxild HH, et al.;2001],
NC_000964.3,PurR,NP_387928.1,TCGGCACTTGCACCACACCTGCCAGCAAATCATAATGTTTGACATCCTAAATAAAACAGAGTACATTATATAAGGCGAACATTTCATATATTATACTTTT,AAATATTCGTTTTT,AGGAGTGAAAACCATGGAAAACGTATTTGATTACGAAGATATTCAGCTAATTCCTGCAAAATGCATTGTGAATAGCCGTTCAGAATGTGATACATCCGTA,3303014,3303028,1,guaC,R,tbdbs,[HM DB RG;11591660;Saxild HH, et al.;2001],
NC_000964.3,PurR,NP_387928.1,AACCAAGGGGAGGGCGGCCCTTTGGTTTTTTTACACGTTACCCTTTATTTCAAAGCATGAAGAAAGCCGGCTTACATAGCCGAGTTTCTTCATGAACGTG,AAATCCGAATAATC,ATATTAAGGTGTGTGAAAATATTCGGTAATAGGGTAAAAAAACCTTGATTTCAATATGCGGATACGAAAAAAATATGTTATGATCTCTTTGTGGCTTAAC,2529797,2529811,-1,nusB,R,tbdbs,[HM RG DB;11591660;Saxild HH, et al.;2001],
NC_000964.3,PurR,NP_387928.1,TTACACGTTACCCTTTATTTCAAAGCATGAAGAAAGCCGGCTTACATAGCCGAGTTTCTTCATGAACGTGAAATCCGAATAATCATATTAAGGTGTGTGA,AAATATTCGGTAAT,AGGGTAAAAAAACCTTGATTTCAATATGCGGATACGAAAAAAATATGTTATGATCTCTTTGTGGCTTAACGACAAGCGGATAAAGAGGATCAAAGGAGAA,2529767,2529781,-1,nusB,R,tbdbs,[HM RG DB;11591660;Saxild HH, et al.;2001],
NC_000964.3,PurR,NP_387928.1,TATTACAAGTAAGCCGCCTGCGACGATTGAGTGGGAATAAGAATCAATTAATGGAAACCATCTTTTTGGCAATTTTGCCGGGAAGATGGTTTTATTTGTT,TATTACGAACAAAA,TCCGATTTTGCGCGACTATTGTTCGCTTTTTGTATTGTTTTTTCAAAATGAACTTGGTACAATAGACACAGAAATCAAATAAGATGAATTCGTATAATCG,694341,694355,1,pbuG,R,tbdbs,[HM RG DB;11591660;Saxild HH, et al.;2001],
NC_000964.3,PurR,NP_387928.1,CAAAAGGGATATCAGGCAAGTGATTCTTTCTTATGCTAAAGGATGAAAGTTTCGCAAGCTTTTTATGACAAAGCAGTGAGAAAACGCTTATAAAACGAAT,GGAAGCGAACGAAT,ATAGATTTACAATAAATTAATGTTCGGATTTACAATTGACTTTCTGTTTCTTCACTGATAAACTTGATTTGTTTGAATAGAATCGTTTTGAAAGGTTAAC,4156839,4156853,-1,purA,R,tbdbs,[Enzyme activity measurement;1722815;Saxild HH & Nygaard P;1991],
NC_000964.3,PurR,NP_387928.1,TATGCTAAAGGATGAAAGTTTCGCAAGCTTTTTATGACAAAGCAGTGAGAAAACGCTTATAAAACGAATGGAAGCGAACGAATATAGATTTACAATAAAT,TAATGTTCGGATTT,ACAATTGACTTTCTGTTTCTTCACTGATAAACTTGATTTGTTTGAATAGAATCGTTTTGAAAGGTTAACGGAGGTGCACGGACATGTCTTCAGTAGTTGT,4156808,4156822,-1,purA,R,tbdbs,[Enzyme activity measurement;1722815;Saxild HH & Nygaard P;1991],
NC_000964.3,PurR,NP_387928.1,GGCGAATGGAAGAGCCTATTTTTATGGAAAAAAAGGAAAATGGGTCAATTCAGATCGTTCCGTGCGGGAAAAAAATCGTATTTGAAGGGAAATTGATCTA,AAACACGAACATTA,GTAGAATGAATTTTTGTATCGTTCGATAATATCGTTGACATTATCCATGTCCGTTGTTAAGATAAACATGAAATCAAAACACGACCTCATATAATCTTGG,698288,698302,1,purE,R,tbdbs,[S1;3036807;Ebbole DJ & Zalkin H;1987],
NC_000964.3,PurR,NP_387928.1,AAAAGGAAAATGGGTCAATTCAGATCGTTCCGTGCGGGAAAAAAATCGTATTTGAAGGGAAATTGATCTAAAACACGAACATTAGTAGAATGAATTTTTG,TATCGTTCGATAAT,ATCGTTGACATTATCCATGTCCGTTGTTAAGATAAACATGAAATCAAAACACGACCTCATATAATCTTGGGAATATGGCCCATAAGTTTCTACCCGGCAA,698318,698332,1,purE,R,tbdbs,[S1;3036807;Ebbole DJ & Zalkin H;1987],
NC_000964.3,PurR,NP_387928.1,CAGTATGAGTCGAAGGTGCAGAGAATTTATAACGGGTTAAGAGGCTTCTGCGATCAAGTTTATGCGGTGAGAATGATCGGCGAACAGAACGCTCTTGATT,AAATCCGTATGTTA,AGTTATATTGATCTTAAAATATTCGGATTTTGGGGGTGAGTTCATGAAGTTTCGTCGCAGCGGCAGATTGGTGGACTTAACAAATTATTTGTTAACCCAT,54383,54397,1,purR,R,tbdbs,[GS RG DB;Weng M, et al.;1995;7638212],
NC_000964.3,PurR,NP_387928.1,AACGGGTTAAGAGGCTTCTGCGATCAAGTTTATGCGGTGAGAATGATCGGCGAACAGAACGCTCTTGATTAAATCCGTATGTTAAGTTATATTGATCTTA,AAATATTCGGATTT,TGGGGGTGAGTTCATGAAGTTTCGTCGCAGCGGCAGATTGGTGGACTTAACAAATTATTTGTTAACCCATCCGCACGAGTTAATACCGCTAACCTTTTTC,54413,54427,1,purR,R,tbdbs,[GS RG DB;Weng M, et al.;1995;7638212],
NC_000964.3,PurR,NP_387928.1,TTTAATTGATTATTTATCAAACAAATATTCAAATCTCTATCTGTTATAATCAAAAGCCTGGCGGCGCGGTCGTCAGACTCTTTTATATCGAATCCCCTTG,AAATACGAATGATA,TCTAAAAAAACAAAATTAAAGTTCGGGAATTTTTATTTTCAGCCTATGCAAGAGATTAGAATCTTGATATAATTTATTACAATATAATAGGAACACTCAT,2320289,2320303,-1,xpt,R,tbdbs,[HM RG DB;11591660;Saxild HH, et al.;2001],
NC_000964.3,PurR,NP_387928.1,AAATCTCTATCTGTTATAATCAAAAGCCTGGCGGCGCGGTCGTCAGACTCTTTTATATCGAATCCCCTTGAAATACGAATGATATCTAAAAAAACAAAAT,TAAAGTTCGGGAAT,TTTTATTTTCAGCCTATGCAAGAGATTAGAATCTTGATATAATTTATTACAATATAATAGGAACACTCATATAATCGCGTGGATATGGCACGCAAGTTTC,2320259,2320273,-1,xpt,R,tbdbs,[HM RG DB;11591660;Saxild HH, et al.;2001],
NC_000964.3,PurR,NP_387928.1,TCCTGTGTATCACGAATTAAATCCTCTTTTTTTCTGATCACTTCAACTTCCCAGTTCATAATGATCCCCTTTCCGCAAGAAATGACTTGCAAAAACCAAA,TAAAACGAATAATA,TTAATGGTGTTTTGTTAAAACGTTCGTAATTGGAGGATACTATGTTTCATCTAAAAGAGCAGCAAACATCCATAAAGCAAGAAATCATAGCAGGGCTGAC,3068852,3068866,1,ytiP,R,tbdbs,[HM DB RG;11591660;Saxild HH, et al.;2001],
NC_000964.3,PurR,NP_387928.1,TTCTGATCACTTCAACTTCCCAGTTCATAATGATCCCCTTTCCGCAAGAAATGACTTGCAAAAACCAAATAAAACGAATAATATTAATGGTGTTTTGTTA,AAACGTTCGTAATT,GGAGGATACTATGTTTCATCTAAAAGAGCAGCAAACATCCATAAAGCAAGAAATCATAGCAGGGCTGACGACCTTTTTCACAATGGTCTATATCGTCGTG,3068883,3068897,1,ytiP,R,tbdbs,[HM DB RG;11591660;Saxild HH, et al.;2001],
NC_000964.3,PyrR,NP_389430.1,GCGCCGCTTCCCGAGGATATGGCAGAATTAATCGAAAACCTCAGAAAAAACGGTTGACAGAGGGTTTCTTTTCTGAAATAATAAACGAAGCTGAATAGAT,TCTTTAAAACAGTCCAGAGAGGCTGAGAAGG,ATAACGGATAGACGGGATGCGTGTATAGGCGCGCACCTTGTCCTAAAACCCCTCTATGCTCTGGCAGGAGGGGTTTTTTCTTCTATATGAACTGTGAGGT,1618164,1618195,1,pyrR,R,tbdbs,[DB RG;7868607;Lu Y, et al.;1995],
NC_000964.3,PyrR,NP_389430.1,ATGGCGCTTGCCGCAATTGTCGGTGTCATCTTAAACCTGATTCTTCCGCAGGCGAAGGAAGAGCAGGCAGACACATCTGAACAACATCATATTTAAAACC,TTTTAATGAAAGTCCAGAGAGGCTTGGAAGG,GTTATGAAGAGAAGGAAGCTTCAATGCTGCCCTCTATTTAACCATACCCCGAGTCTATCTTAGACCGGGGTTTTTTTTCAGCCTTAAGTTGAAAAGAGAG,1620334,1620365,1,pyrB,R,tbdbs,[8962074;Lu Y, et al.;1996;DB RG],
NC_000964.3,ResD,NP_390193.2,GGAATGCTGAGACTCGAGTGCTGGGGCGGGGGCAAGCATTTTGTTCGCAAGGAACGATGTGTTGATGTACGATAATAAAGGGTCATTTATCCTAGCAGCC,GACATAAATAAGCAACAA,AATAGACAAAAATCCGTCACATAGTGCGGGACTTTTTAGGTATTTTAGGCTTTATTTTTGAAATGAATCGTTGTAAAGTACTTAATATGAACCAGTCAGA,3979476,3979494,-1,cydA,A,tbdbs,[RG FT;17322317;Puri-Taneja A, et al.;2007],
NC_000964.3,ResD,NP_390193.2,GGGGCGGGGGCAAGCATTTTGTTCGCAAGGAACGATGTGTTGATGTACGATAATAAAGGGTCATTTATCCTAGCAGCCGACATAAATAAGCAACAAAATA,GACAAAAATCCGTCA,CATAGTGCGGGACTTTTTAGGTATTTTAGGCTTTATTTTTGAAATGAATCGTTGTAAAGTACTTAATATGAACCAGTCAGAGATTGTGTCATTTGGTCAG,3979457,3979472,-1,cydA,A,tbdbs,[RG FT;17322317;Puri-Taneja A, et al.;2007],
NC_000964.3,SacT,NP_391686.1,CAAATCCTTTTATGATTTTCTATCAAACAAAAGAGGAAAATAGACCAGTTGCAATCCAAACGAGAGTCTAATAGAATGAGGTCGAAAAGTAAATCGCGCG,GGTTTGTTACTGATAAAGCAGGCAAGACC,TAAAATGTGTAAAGGGCAAAGTGTATACTTTGGCGTCACCCCTTACATATTTTAGGTCTTTTTTTATTGTGCGTAACTAACTTGCCATCTTCAAACAGGA,3535829,3535858,1,sacB,A,tbdbs,[RG DB;2493447;Steinmetz M, et al.;1989],
NC_000964.3,SacT,NP_391686.1,TTTTGTCTACATGTTATATCAAACTATTTAACTAAAAAAATAGTTGACGAAAACGCTATCATGATTTATGATGAAAGCGTATTCTTAATCTGAATAAGCG,GGATTGTGACTGGTAAAGCAGGCAAGACC,TAAAATTTGCGTAAATGAAAAAGGATCGCTGTGTCCTTTATTCGTTGGCGAATTTTAGGTCTTTTTTGTTTAAATAAAAGGGGGAGAAATAGATGGATTA,3905123,3905152,-1,sacP,A,tbdbs,[DB HM, sucrase activity;2163394;Debarbouille M, et al.;1990],
NC_000964.3,SacT,NP_391686.1,CAACCTTTTTCCCATCCATTGTACAGGCTTTTCATACTATTGCTATACAGCCATGAACAGCATAAAATGAACGTTATTACAGTTATCACCACATATGGCG,GGATTGTGACTGGGCAGGCAGGCAAGACC,CAATGATGCAAAGGGAGTATTAATGCCTAAAAAACAGGGCATTTTAACTCTTCTTTTCGTGTTGGGCTCATAACGGCGCCTTGGACAACCCCCTATTCTC,3941971,3942000,1,sacX,A,tbdbs,[RG SDM DP;8535520;Tortosa P, et al.;1995],
NC_000964.3,SacY,NP_391721.1,CAAATCCTTTTATGATTTTCTATCAAACAAAAGAGGAAAATAGACCAGTTGCAATCCAAACGAGAGTCTAATAGAATGAGGTCGAAAAGTAAATCGCGCG,GGTTTGTTACTGATAAAGCAGGCAAGACC,TAAAATGTGTAAAGGGCAAAGTGTATACTTTGGCGTCACCCCTTACATATTTTAGGTCTTTTTTTATTGTGCGTAACTAACTTGCCATCTTCAAACAGGA,3535829,3535858,1,sacB,A,tbdbs,[2993818;Steinmetz M, et al.;DP RG, levansucrase activity;1985],
NC_000964.3,SacY,NP_391721.1,TTTTGTCTACATGTTATATCAAACTATTTAACTAAAAAAATAGTTGACGAAAACGCTATCATGATTTATGATGAAAGCGTATTCTTAATCTGAATAAGCG,GGATTGTGACTGGTAAAGCAGGCAAGACC,TAAAATTTGCGTAAATGAAAAAGGATCGCTGTGTCCTTTATTCGTTGGCGAATTTTAGGTCTTTTTTGTTTAAATAAAAGGGGGAGAAATAGATGGATTA,3905123,3905152,-1,sacP,A,tbdbs,[GS, in-vitro transcription;Arnaud M, et al.;1996;8702561],
NC_000964.3,SacY,NP_391721.1,CAACCTTTTTCCCATCCATTGTACAGGCTTTTCATACTATTGCTATACAGCCATGAACAGCATAAAATGAACGTTATTACAGTTATCACCACATATGGCG,GGATTGTGACTGGGCAGGCAGGCAAGACC,CAATGATGCAAAGGGAGTATTAATGCCTAAAAAACAGGGCATTTTAACTCTTCTTTTCGTGTTGGGCTCATAACGGCGCCTTGGACAACCCCCTATTCTC,3941971,3942000,1,sacX,A,tbdbs,[RG SDM DP;8535520;Tortosa P, et al.;1995],
NC_000964.3,SinR,NP_390341.1,CATAGCTTTCTGCCAGCCGATAGGCGATCCCAAAAGCGGCAATCATCGCCATAATATCAAACGAAGCGTTAACAGGATATCCGAGCTTATCGGCCCACTC,GTTCCCAAACACA,CTCGCCATGAAATCAGCATACCCCGGAATCGGCAAGCTCGTTAAAATCAAGAAGACAGACCCGATAATAATCAGCGGCATGGTCAGGATAATTCCGTCAC,3939443,3939456,1,epr,R,tbdbs,[DP RG GS DB SDM;16923912;Kodgire P, et al.;2006],
NC_000964.3,TnrA,NP_389214.1,CTCCATGTTTGTCTCACATCCATCTATCTCATTTTGAGATTCTTTTGATCTAAATTATATATTGTTTATATCGTTTTGAAAACCTACAATGATTATAGAG,TTGTTAGATTTTATGACC,GGTATTATCGGAAATTGATCGGGGGAGAGGAATTATGACGTACAATCAAATGCCAAAAGCTCAAGGTCTCTACCGTCCTGAATTTGAACATGATGCATGC,2014666,2014684,-1,gltA,R,tbdbs,[FT;11029411;Belitsky BR, et al.;2000],
NC_000964.3,TnrA,NP_389214.1,TATCATTAATGTATGCCGAGGGAACAAGAGAAGTGCCTATCCGAAATTGAAATGGATTGCAAGATGATCTGTCAGACTCAATCCATATACGAACCATATC,GTGTTATAAAATCTTCCA,TGTTTATATAAAATTAAATAATTCTGGTGTATTCTTGATAGATTAATAAAAAAATTATAAAAACTTTTAACATTTGCAATTCCTTTTGTACCAATAATGA,2897646,2897664,-1,ilvB,R,tbdbs,[FT;15547269;Tojo S, et al.;2004],
NC_000964.3,TnrA,NP_389214.1,CCTCGTTTGATTCGTTACATAAAGGATAAAACGCGCTTGGGTGTTACGCATTATTCTTGTTAATTTTTCTTCCGTATTTTTTCAAAAATCTTCTATTTGA,TGTTAGAAAATATGACA,AGCGTCAGGTTTTTTCTCTTTGTTTTTTATATACTATTATCAAAAGACATCCAGGGGTGGAAAAATGACCACAGAAGATCATTCTTATAAAGACAAAAAA,1397807,1397824,-1,tnrA,A,tbdbs,[DE DP;10671441;Robichon D, et al.;2000],
NC_000964.3,TnrA,NP_389214.1,ATATAGTGACTGGTCTATTATCTTGATTCAATCATCAATTGTCAAGAAAAATTCATTGTATGAAAAGACAAAAAAAGAAGGATATGACAACAAAAAATAC,TGAGAGAAAAGCTGACT,GATCTTTTGACTGAATAGATAAAATGTACAATGATTAATCATCATATGGATGTAAGGAGAGAAATAGATGAAAAAACAACGAATGCTCGTACTTTTTACC,290830,290847,1,yccC,A,tbdbs,[FT GS;11914346;Fisher SH & Wray LV Jr;2002],
NC_000964.3,TnrA,NP_389214.1,CCCCTGGATGTCTTTTGATAATAGTATATAAAAAACAAAGAGAAAAAACCTGACGCTTGTCATATTTTCTAACATCAAATAGAAGATTTTTGAAAAAATA,CGGAAGAAAAATTAACA,AGAATAATGCGTAACACCCAAGCGCGTTTTATCCTTTATGTAACGAATCAAACGAGGAGGAAGGATAATCATGGAGGAAGAAAAAGCAGTCTCACTGGCA,1397850,1397867,1,ykzB,A,tbdbs,[PE DB DP;10671441;Robichon D, et al.;2000],
NC_000964.3,Xre,NP_389133.1,ATGACCTCTCTTTTTTAAACTCCCTACGTTACTTATGATTATAGATACAAAATGTATCAAAATAAAGTTATGATAAAAAAAGTATCAAAAATAACTTGAT,GATACAGAATGTATC,GTTTATACTTGGTAACATCCGATACAAAATGTATCAAAAAAGATCAGGAGAGTGATCACATGTATCCGATCCAAATCGTTTTTAGTGAAAATCCCATAGA,1321773,1321788,1,xkdB,R,tbdbs,[GS FT;8083175;McDonnell GE, et al.;1994],
NC_000964.3,Xre,NP_389133.1,GATCGGATACATGTGATCACTCTCCTGATCTTTTTTGATACATTTTGTATCGGATGTTACCAAGTATAAACGATACATTCTGTATCATCAAGTTATTTTT,GATACTTTTTTTATC,ATAACTTTATTTTGATACATTTTGTATCTATAATCATAAGTAACGTAGGGAGTTTAAAAAAGAGAGGTCATAGTATGATAGGCGGCAGATTGAAGAGTCT,1321744,1321759,-1,xre,R,tbdbs,[GS FT;8083175;McDonnell GE, et al.;1994],
NC_000964.3,YdiH,NP_388478.1,AAGCTCCATTCAATATGCATTCCTTTCCATAGGTTAATAATTCGTATTACATATTAATCATAAGGCGAATCGATATTGGAGGTCAATTTCCAAAGAGTGT,ATAGTGAAACTTATCACAAGAT,ATTTAAAATTTTACGTTTAAAATGCATAATAAGGAGTGAGGGTGTTGACAAAAGCAACAAAAGAACAAAAATCCCTTGTGAAAAACAGAGGGGCGGAGCT,3711384,3711406,-1,alsS,R,tbdbs,[RG;16428414;Reents H, et al.;2006],
NC_000964.3,YdiH,NP_388478.1,GAAATGAATCGTTGTAAAGTACTTAATATGAACCAGTCAGAGATTGTGTCATTTGGTCAGTCTGGCAATCTTGCATCATATTGGATGACTTTTTGACACA,TTTGTGAAATATTGAGCAATAT,TTTTTTCGTCTATTTTGTGAATTACTGATCAAAGTCTCGGTTCTATTTGTGAAGTAGTGAGCAAATTAACAGTTTTAACCGGAAATGGAGGAGAAAGCAT,3979295,3979317,-1,cydA,R,tbdbs,[RG FT;15231791;Schau M, et al.;2004],
NC_000964.3,YdiH,NP_388478.1,GTCAGAGATTGTGTCATTTGGTCAGTCTGGCAATCTTGCATCATATTGGATGACTTTTTGACACATTTGTGAAATATTGAGCAATATTTTTTTCGTCTAT,TTTGTGAATTACTGATCAAAGT,CTCGGTTCTATTTGTGAAGTAGTGAGCAAATTAACAGTTTTAACCGGAAATGGAGGAGAAAGCATGAGTGAATTGGTATTAGCCCGCATACAATTTGCAT,3979260,3979282,-1,cydA,R,tbdbs,[RG FT;15231791;Schau M, et al.;2004],
NC_000964.3,YdiH,NP_388478.1,ATCTTGCATCATATTGGATGACTTTTTGACACATTTGTGAAATATTGAGCAATATTTTTTTCGTCTATTTTGTGAATTACTGATCAAAGTCTCGGTTCTA,TTTGTGAAGTAGTGAGCAAATT,AACAGTTTTAACCGGAAATGGAGGAGAAAGCATGAGTGAATTGGTATTAGCCCGCATACAATTTGCATCAACAACGTTGTTTCACTTCTTGTTTGTGCCG,3979228,3979250,-1,cydA,R,tbdbs,[RG FT;15231791;Schau M, et al.;2004],
NC_000964.3,YdiH,NP_388478.1,CCCCATTGAGGGCAAGGCTAGACGGGACTTACCGAAAGAAACCATCAATGATGGTTTCTTTTTTGTTCATAAATCAGACAAAACTTTTCTCTTGCAAAAG,TTTGTGAAGTGTTGCACAATAT,AAATGTGAAATACTTCACAAACAAAAAGACATCAAAGAGAAACATACCCTGGAAGGATGATTAATGATGAACAAACATGTAAATAAAGTAGCTTTAATCG,329688,329710,1,ldh,R,tbdbs,[RG DB;16207915;Larsson JT, et al.;2005],
NC_000964.3,YdiH,NP_388478.1,GGGACTTACCGAAAGAAACCATCAATGATGGTTTCTTTTTTGTTCATAAATCAGACAAAACTTTTCTCTTGCAAAAGTTTGTGAAGTGTTGCACAATATA,AATGTGAAATACTTCACAAACA,AAAAGACATCAAAGAGAAACATACCCTGGAAGGATGATTAATGATGAACAAACATGTAAATAAAGTAGCTTTAATCGGAGCGGGTTTTGTTGGAAGCAGT,329711,329733,1,ldh,R,tbdbs,[RG DB;16207915;Larsson JT, et al.;2005],
NC_000964.3,YdiH,NP_388478.1,AAGAATACGCTTTCATCATAAATCATGATAGCGTTTTCGTCAACTATTTTTTTAGTTAAATAGTTTGATATAACATGTAGACAAAAATTCGTAAAAATTA,ATTGTGAAATACTTCACAATAT,CGTGCTATACTATGCTCAATCATGAAAGAAAGCAGGAAAAGACAATGGAAACTCAAGCATTACAAAAGGTTGAACAGTATGCTTTGAAAAAACAAAACAT,3905266,3905288,1,ywcJ,R,tbdbs,[RG DB;16207915;Larsson JT, et al.;2005],
NC_000964.3,YufM,NP_391031.1,ACGAAGTCCCAGGTAAATCTAAAAAATAGTCCAAAACATGGGTATAAAGATAGAATGCACCGGCTAAAAACACCGGTGTTTTTTTTATATTCTGATAATA,TTCAATTAAAAAATTTAAATAAGTATATTAAAAAATTAAGTAATTTTCTTCTC,TTGAATTTTGATTTTGACAGGCATACAATAGCTTACGTAATGTAAATAGTTTTGAGACATTGTTCGAATAATTGTCACAAAGTCGCATAAAGATCATGAT,3802280,3802333,-1,ywkA,A,tbdbs,[NB PE RG FT;12949160;Doan T, et al.;2003],
NC_000964.3,YtlI,NP_390818.1,TTGAGTATTTCTGCAGCTTTATAGAAGCTTCCAAATTTTACAATCGTATGAAACGTTTTGATTGAGCGTAACTCCAATGTGCTCCCTCCTGTTTTTCATC,ATTAAAATTACTGAAGTGAAGGTTTACTTTTTTTGATTAG,TCAAAGATCAGAGTATGCTTTATAGTATAAACAATAAAAGCTTAGTAAACAAATAGGAATTATATATTTTGTGAAGAGGAGTGACAAAAATGAGTGATGA,3008874,3008914,-1,ytmI,A,tbdbs,[DB;11390694;Coppee JY, et al.;2001],
NC_000964.3,YdfI,NP_388423.1,GCGCGAATTCAAGAACTGAGGCAGTAACGATTGCCATGCAAAAAGGTATTCTGACAATAGACAACTAAACTGCATATTTGAAAATTGCCCAAACGTACAT,GCCCGAATGTAC,GTTTTTTTCATTTCATTGTCAACTACAATGAGAAAGAATGTGATCAAGCAATGTGTTGAAAGGAGATTATCATGTCAAAAATGTTATATACATTAGGAGG,589633,589645,1,ydfJ,A,tbdbs,[HB GS FT;15941986;Serizawa M, et al.;2005],
NC_000964.3,YodB,NP_389835.1,CAAAAAAATATTTTCGATCAGTTAAGCTAATTGAGAATAAGAACATATCATGAACATTAAAAATTTGCTGGATTGACACATTTTTTTCTTAGGATACTGT,TCACACTTACTTTTTTATAGTATAATACCT,GTAAAGATTCCTTTTTTAGAGTAATTTCAATTTAAGAATAAAATAGATGTTCATCCTACTAATTAGAGGAGTGAAGATGAATGGTTACACTATACACATC,1227586,1227616,1,yjbD,R,tbdbs,[FT;Leelakriangsak M, et al.;2007;17158660],
