genome_accession	TF	TF_accession	site_start	site_end	site_strand	left_flanking	site_sequence	right_flanking	regulated_operon	mode	evidence	database	alternative_database_id
NC_000964.3	AbrB	NP_387918.1	3398968	3398996	-1	TGTAAAGGGTTTTAAAACGCCATGCCTCGTGCATGGCGTTTTTTTGTGCCAATGGGTCCGGTGCGAGATACGACTCCGGTCTTATATAAAAATCAATCTC	TGATTCGTTTTGCATATCTTCCAACTTG	TATAAGATGAAGACAAGGAAAACGAAAGGAGGATCTGCATGAAAATAAACAAGAAAACAATAGGCGGATTCTTATTAATTGTATTTGGGATCTCCGTCTT	yvqI	repressor	[AR RT-PCR;15101989;Hamon MA, et al.;2004]	DBTBS	-
NC_000964.3	AdaA	NP_388062.1	203533	203563	-1	CACGCGTTTTTTATATCTTGGGCCATTTTTATCTACTCCCGTTTAGCATTCTTGATAACTACACTATAACCTCATAAATAGAAAAAAATAAGGTGGTTAG	AATGTAATAGCAAGATAACAAAATGAGTAA	AGATGATTATGTGATAAACTAATTTCAACCAGCGTGAGTTTTCTTATAATTATTTAAGATAAGGAGAATGAAAAAGTGACATGGCATGAAGTCAATGATG	alkA	activator	[FT;8376346;Morohoshi F, et al.;1993]	DBTBS	-
NC_000964.3	AraR	NP_391277.1	2950165	2950181	-1	AATTACAGAAGTCATTAAGAAGTTAGACCGAAAAACGGTTGACGAAATTACGTACCAATAAAGATACGGAAGAATCCGCCTATTGAGGTGGATTCTATTT	TTTTGTCTGTACAAAT	TACAGCATAGTGACTACAATAAAGGGGATACCGAAAATTTCCTGAACATGACGATATACGATACGCAGTCGATTTGACAGGAAGGGAGGATAAATAATCT	abnA	repressor	[RG PE SDM;14973026;Raposo MP, et al.;2004]	DBTBS	-
NC_000964.3	AraR	NP_391277.1	2948918	2948934	-1	GCCCCCGGCTTTTTTTAAAAGAAAAGATTGACAGTATAATAGTCAATTACTATAATAAAATTGTTCGTACAAATATTTATTTATAGGTTTATTTTCTATC	ATTAGTACGTATCTTT	TGTATTTGAAAGCGTTTTATTTTATGAGAAAGGGGCAGTTTACATGCTTCAGACAAAGGATTATGAATTCTGGTTTGTGACAGGAAGCCAGCACCTATAC	araA	repressor	[DB HM;9045819;Sa Nogueira I & Mota LJ;1997]	DBTBS	-
NC_000964.3	AraR	NP_391277.1	3485557	3485573	-1	ACATATCCATTCCTCCAAAATGTATACGGACAAATTTCAGTATATCACAGCGTTCTTTGTAAGAAAACATTGACAGAAAATGCAAACAAGATTATTCTAT	ATTTGTACGTACTAAT	TAAATGTAATTTTCGTTAAATTTTAATATAAGTACGTACAATTGAAGGTTTAAATGAAAACGCTTTACTCAACATTCGGGAGGGCAGGGAAATGAAGAAT	araE	repressor	[DB HM;9401028;Sa Nogueira I & Ramos SS;1997]	DBTBS	-
NC_000964.3	AraR	NP_391277.1	3485514	3485530	-1	ATCACAGCGTTCTTTGTAAGAAAACATTGACAGAAAATGCAAACAAGATTATTCTATATTTGTACGTACTAATTAAATGTAATTTTCGTTAAATTTTAAT	ATAAGTACGTACAATT	GAAGGTTTAAATGAAAACGCTTTACTCAACATTCGGGAGGGCAGGGAAATGAAGAATACTCCAACTCAATTAGAACCAAATGTTCCTGTAACAAGAAGCC	araE	repressor	[DB HM;9401028;Sa Nogueira I & Ramos SS;1997]	DBTBS	-
NC_000964.3	AraR	NP_391277.1	3485638	3485654	1	TTAACGAAAATTACATTTAATTAGTACGTACAAATATAGAATAATCTTGTTTGCATTTTCTGTCAATGTTTTCTTACAAAGAACGCTGTGATATACTGAA	ATTTGTCCGTATACAT	TTTGGAGGAATGGATATGTTACCAAAATACGCGCAAGTAAAAGAAGAAATCAGTTCTTGGATTAATCAAGGCAAAATACTGCCCGATCAAAAAATCCCTA	araR	repressor	[DB HM;9045819;Sa Nogueira I & Mota LJ;1997]	DBTBS	-
NC_000964.3	AraR	NP_391277.1	2915299	2915320	-1	TTGAAGTTGTCCCGTTATTAACTGAGGAATTCAAACAGCTGAATATACACTCATAAAGGAAATCCCGGACTTTAAAAGTCCGGGTTTTTTCATATTTATA	AATACATACGTACAAATATAA	AAACAATAGAAAATGTCGTTGACATGTACGAACATATATAATATGGTTACTTTAAAAGCGCTTACATTCATGCTGACTCCTCAGGCAAACGACAGATCAC	xsa	repressor	[RG PE FT;14973026;Raposo MP, et al.;2004]	DBTBS	-
NC_000964.3	AraR	NP_391277.1	2915258	2915279	-1	AATATACACTCATAAAGGAAATCCCGGACTTTAAAAGTCCGGGTTTTTTCATATTTATAAATACATACGTACAAATATAAAAACAATAGAAAATGTCGTT	GACATGTACGAACATATATAA	TATGGTTACTTTAAAAGCGCTTACATTCATGCTGACTCCTCAGGCAAACGACAGATCACATATTTGACTGTGGTGCTTTTCATATCCGTATGAAAGGAAT	xsa	repressor	[RG PE FT;14973026;Raposo MP, et al.;2004]	DBTBS	-
NC_000964.3	BkdR	NP_390290.1	2504796	2504810	-1	AGCAAACGCTTGAAAAGCATCATTTTAACCGGACAAAAACAGCAAAAGCTCTCGGTGTCAGCATTCGGAATTTATATTACAAAATGGATAAATATGGCCT	TGCAAATGAAGGCA	TGCAATAATTTGCAGAATAAACGCAAACATCTGCACGAATGTTTCGGTATACCTGGTATGACAGCACCCTTAAGAGCTGGCATGGAACTTGCATAATAAA	ptb	activator	[DB;10094682;Debarbouille M, et al.;1999]	DBTBS	-
NC_000964.3	BkdR	NP_390290.1	2504761	2504775	-1	AAAACAGCAAAAGCTCTCGGTGTCAGCATTCGGAATTTATATTACAAAATGGATAAATATGGCCTTGCAAATGAAGGCATGCAATAATTTGCAGAATAAA	CGCAAACATCTGCA	CGAATGTTTCGGTATACCTGGTATGACAGCACCCTTAAGAGCTGGCATGGAACTTGCATAATAAAAGGCGGAGTCGAAACAAGAAAGGTGGTAACAGATG	ptb	activator	[DB;10094682;Debarbouille M, et al.;1999]	DBTBS	-
NC_000964.3	CcpA	NP_390852.1	3016499	3016513	-1	GGTCGATGCCTAAGCTGCTTTTATTTATGCTTTTGAAGACCGGACTTGACGAATTGAATCCAGCTTTGAAACACAAAATACAGAGGGAAAAACCGCAAAT	TGTAAGCGTTCATC	AATACAAAACCTATAGTGAATGTGTCTGAAAATAACGACTTCTTATTGTAAGCGTTATCAATACGCAAGTTGACTTGAAAAGCCGACATGACAATGTTTA	ackA	activator	[DB DP;8226682;Grundy FJ, et al.;1993]	DBTBS	-
NC_000964.3	CcpA	NP_390852.1	3039910	3039924	-1	GTTTTCAACATGGTTTATATTTTAAAAATTGAGAAGAATATGAATATATACTATAATAATTGTGACAACTTCAGCAAAGGGGGATGTTTGGGCATGAACT	TGAAAGCGTTACCA	GCAATAGAGGGGGATCATAACTTAAAAAACTATGAAGAAACGTACCGGCATTTTGATTGGGCCGAGGCAGAGAAACATTTCTCTTGGCATGAGACAGGGA	acsA	repressor	[DB SDM;7913927;Grundy FJ, et al.;1994]	DBTBS	-
NC_000964.3	CcpA	NP_390852.1	3040017	3040031	1	GCTTTCAAGTTCATGCCCAAACATCCCCCTTTGCTGAAGTTGTCACAATTATTATAGTATATATTCATATTCTTCTCAATTTTTAAAATATAAACCATGT	TGAAAACGCTTTAT	AATTTGGTATTCTTAAAGAAGGCATGTATTTTTGATAAGAATTGATGGGACGGTGAATTAGTGGAACATCATAAAACATACCATTCAGCAAACATCAAAA	acuA	repressor	[DB SDM;7913927;Grundy FJ, et al.;1994]	DBTBS	-
NC_000964.3	CcpA	NP_390852.1	327493	327507	1	AGGGAAGCGTTCACAGTTTCGGGCAGCTTTTTTTATAGGAACATTGATTTGTATTCACTCTGCCAAGTTGTTTTGATAGAGTGATTGTGATAATTTTAAA	TGTAAGCGTTAACA	AAATTCTCCAGTCTTCACATCGGTTTGAAAGGAGGAAGCGGAAGAATGAAGTAAGAGGGATTTTTGACTCCGAAGTAAGTCTTCAAAAAATCAAATAAGG	amyE	repressor	[GS FT;7665492;Kim JH, et al.;1995]	DBTBS	-
NC_000964.3	CcpA	NP_390852.1	2946678	2946692	-1	TCGCTCAAGCGAAGCAATTGTACCGCAGGGTATAAAGCGATGTGGAGTGAAAAAGCGGGGTATCCGTCAGATGATTTCTTTGAGAAATTAAATCCTTCAA	TGAAAACGATTACA	AAGGACAAATTGTCAGGTTCTATTCATTCAGTAGGAGAAAAAGCCGGCAGTCTGACTGAAAAAATGGCAAAGCTGACAGGGCTTCTCCCGGGAACGGCTG	araB	repressor	[RG;10666464;Miwa Y, et al.;2000]	DBTBS	-
NC_000964.3	CcpA	NP_390852.1	4035845	4035859	-1	TTTCAAGGTTTTTAATTACAATAATTTTTTATTGAAGTTAATACTAAGTTCAAATCTTTATGATTACTTTTGTTCTAGAAACGATAGTCAACACCAAAAA	TGAAAGCGTTGACA	TCTCACGAATCTAGTGCTAAAGTATACCTACAAACAAATAAAACGACCCGTCAGGATTGTTACTGCGAAAGCAGGCAAAACCTAAATGGTGCAGGTGCAG	bglP	repressor	[RO DP;8626332;Kruger S, et al.;1996]	DBTBS	-
NC_000964.3	CcpA	NP_390852.1	4012589	4012603	-1	GGGAAGATGATGATAGTTACAGGATTCAAGTTAGTAAGATTCGATATTATCATTATTTTGACCGATGTTCCCTTTTAAAAGAATCATGTAAGATCAACAT	AGAAAACGCTTTCA	ATGAAAGGGGAATGCCAATATGCCTTATCTGAAACGAGTGTTGCTGCTTCTTGTCACTGGATTGTTTATGAGTTTGTTTGCAGTCACTGCTACTGCCTCA	bglS	repressor	[SDM DB;8245831;Kruger S, et al.;1993]	DBTBS	-
NC_000964.3	CcpA	NP_390852.1	1485935	1485953	1	TTTTACGAGAAGAGTCGTTTTAAAGGAATTGAATAAGCATATACGCTCATTGAATAAGTAGGCTGTACGGTCCTATTTTTATTATATAGGCAGAGTGAAA	AAAGAAAGCGCATACATA	ATTTAAACGAGAATAGGGCTTGAATAAGAAACTAAGATTTTATTAGAATGGGAGATAAGAAAAACTTATTGATAACAAAAAGGAGGACGACATGCAGCTT	ccpC	repressor	[GS FT;11985717;Kim HJ, et al.;2002]	DBTBS	-
NC_000964.3	CcpA	NP_390852.1	3979404	3979418	-1	AAAGGGTCATTTATCCTAGCAGCCGACATAAATAAGCAACAAAATAGACAAAAATCCGTCACATAGTGCGGGACTTTTTAGGTATTTTAGGCTTTATTTT	TGAAATGAATCGTT	GTAAAGTACTTAATATGAACCAGTCAGAGATTGTGTCATTTGGTCAGTCTGGCAATCTTGCATCATATTGGATGACTTTTTGACACATTTGTGAAATATT	cydA	repressor	[RG FT;17322317;Puri-Taneja A, et al.;2007]	DBTBS	-
NC_000964.3	CcpA	NP_390852.1	4052225	4052239	-1	ATTTACATATGTTCAAAAGTCGGTTATGCTAAAAAATATCTTAACAAAAAAGGAAGTGTGCGAAGGATGTCATTAGCCAACATAATTGATCATACAGCTT	TGAAACCGCATACA	CAAAAAGCGGACATTCTAAAACTAATTGAAGAAGCGAAAACATACAAATTTGCTTCAGTATGTGTCAATCCGACATGGGTGGAGCTTGCTGCAAAAGAGC	dra	repressor	[RG;10666464;Miwa Y, et al.;2000]	DBTBS	-
NC_000964.3	CcpA	NP_390852.1	3920406	3920420	-1	ACACATCCCGAGCCGAACTCCAGCACCAGCATCAAGCAGTCACAAAGCCTGCCGGACTTGCTAGCTCCCATCTATAAATGGGCTGCCGAAACCGGCCGAA	TGGAAGCGGATACA	GATACGTACCGTGACCTGCTCAGCGCAAAGCTGATGGGCTGTTTTGTGCCTGCCCCGTCCGAGGTCATTCGCAAATTTGAAGAGACAAAAGCATTATACG	galT	repressor	[RG;10666464;Miwa Y, et al.;2000]	DBTBS	-
NC_000964.3	CcpA	NP_390852.1	1002318	1002333	1	AAGAGGATGTAGAGCAGGCATTGAAAGCGGGGGCTGTAGCTGTCACAACATCTAATACCAAATTGTGGAAAAAATATGAAAACTTTTTGACGGAAAGTGA	TTGACACCGCTTTCA	TGCACTGATACAATTGCACTAGGTTAATACATTGTGATGGAGAACTCGGAGACCACAGCAGCTCTTTACGGCAAATGTTTATGCACCCGTAAAGCGGTTT	glpF	repressor	[RG FT;11929549;Darbon E, et al.;2002]	DBTBS	-
NC_000964.3	CcpA	NP_390852.1	4113523	4113537	1	ACTCCAAAGACCTGTTGTATCCCGCAAAATGGCTCTCAAAAGCGTCAACCGGAGTTCGTGTCGCATACGAGCTGAGAATGCGGATCGTTTCAGGTCTGAT	TGAAAGCGGTACCA	TTTTATCAGAAAATACAATCGCCGCCGAGTTTTCAGTAAGCCGTTCGCCGGTTCGCGAAGCGCTAAAAATACTCGCATCCGAAAAAATCATCCGCTTAGA	gntR	repressor	[SDM S1 HB;8370661;Miwa Y, et al.;1993]	DBTBS	-
NC_000964.3	CcpA	NP_390852.1	4041451	4041465	1	CTGCTTTCTGCGTCACGCTATTACAATAGCAATCTAACTTGTTAAAGACTATAAAAAAACCTTTTGACTTCTGCTGCTGAACCAATTAATATAATACTCA	GTTAATAGTTATCA	GAATTTTTAGGAATTGAGTGATTCATATGACACTGCATAAAGAGCGTCGGATCGGCCGGCTGTCTGTTCTCCTGCTGCTGAATGAGGCGGAAGAAAGTAC	hutP	repressor	[SDM DP;8144455;Wray LV Jr, et al.;1994]	DBTBS	-
NC_000964.3	CcpA	NP_390852.1	4041652	4041666	1	CGGAAGAAAGTACGCAGGTTGAGGAGCTGGAGCGAGACGGATGGAAGGTCTGTCTTGGCAAGGTAGGATCAATGGACGCACATAAAGTAGTAGCCGCAAT	TGAAACCGCTTCCA	AAAAGAGCGGTGTCATTCAATCTGAGGGTTATCGGGAGTCACATGCGCTTTATCATGCGACGATGGAGGCTTTGCATGGCGTGACCAGAGGTGAAATGCT	hutP	repressor	[SDM DP;8144455;Wray LV Jr, et al.;1994]	DBTBS	-
NC_000964.3	CcpA	NP_390852.1	2897535	2897550	-1	TCCATGTTTATATAAAATTAAATAATTCTGGTGTATTCTTGATAGATTAATAAAAAAATTATAAAAACTTTTAACATTTGCAATTCCTTTTGTACCAATA	ATGAAAGCGTATACA	ATATAGATTGATTAATCAAAATTGTCTAATAATTTTAAAAAATGCTGTTGACACTGCGTCCAAAGCGGCGTAATATGAGTTCAACAAAAGATAAATGCAA	ilvB	activator	[FT;15916606;Tojo S, et al.;2005]	DBTBS	-
NC_000964.3	CcpA	NP_390852.1	2323230	2323244	-1	CAGTTTATTGTCAGTCCGGGTTTTTCAGCTGATCTTGCTGAACATCTATCTTTTGTAAAGACACATTATATCCCCGGCGTCTTGACTCCGAGCGAAATTA	TGGAAGCGCTGACA	TTCGGTTTTACGACATTAAAGCTGTTCCCAAGCGGTGTGTTTGGCATTCCGTTTATGAAAAATTTAGCGGGTCCTTTCCCGCAGGTGACCTTTATTCCGA	kdgA	repressor	[RG;10666464;Miwa Y, et al.;2000]	DBTBS	-
NC_000964.3	CcpA	NP_390852.1	2919902	2919916	-1	AATCCGCTTTATACCGAGCATGAGCTTGAATACCAGCTTAGAGATGCTCAGGTAAGTGTAATCATCACCTTAGATTTGCTTTTCCCGAAGGCAATAAAAA	TGAAAACGTTATCA	ATAGTCGACCAGATTTTGATAACCAGTGTAAAAGACTATTTGCCTTTTCCGAAAAATATTCTTTACCCGCTGACGCAAAAACAAAAAGTGCATATCGACT	lcfA	repressor	[RG;10666464;Miwa Y, et al.;2000]	DBTBS	-
NC_000964.3	CcpA	NP_390852.1	2762900	2762914	-1	TTCATATGAACCTGTATTAAATGGAACACCATTTTAATACAGGTTTATTTTTTTCGTTTTAAGTGTTTCAACAACAAATTGCTATTGGCTGAAATAACAA	TGAAAACGCTTAAC	ACAACTGTGTTGGCACGATCCTTGCATTATATATGGATGTACAAAACAGGAAAGGAGCAATAGATATGATTTCAGTTATTATCAGCGGTCATGGAGATTT	levD	repressor	[SDM DB;7592486;Martin-Verstraete I, et al.;1995]	DBTBS	-
NC_000964.3	CcpA	NP_390852.1	3961936	3961950	-1	TCATATCAAGAGCTTTCGGATGTGTTTGACCAAAAAATGCTGAGCTGACAGCCTGTATATACCTTTTTTCCGTTGCCTGCGGAAAAACCCTGAGTGTTTA	TGAAAGCGATTTCA	TAATATGATGATAGCAACAGCAGGACATTACAAAATTGATCAAACTCTAGGGGGTCTTTTACATGAATATATTACTCGTTTGTGCAGCAGGCATGTCTAC	licB	repressor	[RG;10559165;Tobisch S, et al.;1999]	DBTBS	-
NC_000964.3	CcpA	NP_390852.1	2514064	2514078	-1	AAATGAATAGTTGTTAGAAGGAGGCTGTTTGACGCAGCCTTCTTTTTTCATTCATTCATGCCCGTTTCAAAGCATACATTCATAGAAGACAACTAGAAAT	TGTAAGCGCTGTCT	ATCTTCTGAATGAGGTGAAACCATGAGGAAAACAGTCATTGTAAGTGCTGCAAGAACTCCATTTGGCAAATTCGGCGGAGTTTTGAAAGAGGTGAAAGCT	mmgA	repressor	[SDM DB;8759838;Bryan EM, et al.;1996]	DBTBS	-
NC_000964.3	CcpA	NP_390852.1	4084474	4084488	-1	ATTAGAATATAACCAAGAAATGACCAAAAAGTAACCTGTTGTGCATGAAATGGTTGCTTGTATGTAAATATGCATCCGCCATTTATTTTTTTGGTGTTTT	TGAAAGCGTTTAAT	TCTTGGCTTGCTGAAAAGTGGATATTGATATGAATCTATCCGGAACCATCCATACAAGTGTATGTGTTTACTAATGAAGGAGGCAATAAGAATGGCAGAA	mmsA	repressor	[DP SDM;10666464;Miwa Y, et al.;2000]	DBTBS	-
NC_000964.3	CcpA	NP_390852.1	2978668	2978682	-1	GAATAAATCAGTTGAATCTGTCAAAAATGTCATGAAAGTATTATCCTAATAAAAAGAGAGAAAGGCTTGCTTAATACAGCCTTTCTCTTTTTACTATAAA	TGAAAGCGCTATCA	TAAACGTCTTTATTTCTTTTAAAAATGATGTAAAAGGCGAATTGTCGGAATGTCCTGCTTTCGCTAAAATAAAATCATGAAACATGTTAAGATGACATAA	phoP	repressor	[DB RG SDM GS FT;16452408;Puri-Taneja A, et al.;2005]	DBTBS	-
NC_000964.3	CcpA	NP_390852.1	3866349	3866363	-1	GAGTCACTTAAATTAGTTAGAAAAATAAGATTTTTTTATGAAAGCGCTATAATGAAAGTTGGCTGTTTGAATTTGATTGGAAGAAGAGTATGCTAGTAAA	AGAAAGCGTTTTTG	TAACTTTTTGAGGAGGTTTTATTGTGGCAGATTTATTTTCAACAGTGCAAGAAAAAGTAGCTGGAAAAGACGTTAAAATTGTATTTCCTGAAGGCTTAGA	pta	repressor	[FT;10559153;Presecan-Siedel E, et al.;1999]	DBTBS	-
NC_000964.3	CcpA	NP_390852.1	850685	850699	1	GTATATGCTGAACTGGTTAAGGAAACGGGGATTGGCGAGTCAACAAAGGATGAAGTGAAGAAGGCCTCAGAAAAAAATATGAATCCTTTGCAGCGTGCTG	TGAAAACGCTTGCA	GATATTTTTATTCCAATATTGCCTGCGATTGTCACGGCGGGTCTTTTAATGGGGATCAATAACATTTTAACGGCGGAAGGCATTTTCTTCAGCACAAAAT	treP	repressor	[RG;10666464;Miwa Y, et al.;2000]	DBTBS	-
NC_000964.3	CcpA	NP_390852.1	1301626	1301640	1	AGCATGATCAACAGTTTTCAGGACGGTATTACCCCGGGAAAAATACAATTCGGCACAGCCTGGTGGTTTAACGATACTAAAGACGGAATGCTCGACCAAA	TGAAAGCGTTATCA	AATGTTGGCCTTTTCAGCCGTTTTATCGGCATGCTCACCGATTCCAGAAGCTTTCTTTCGTATACGCGCCACGAATATTTCAGGCGGATCGTCTGCAATT	uxaC	repressor	[RG;10666464;Miwa Y, et al.;2000]	DBTBS	-
NC_000964.3	CcpA	NP_390852.1	1891942	1891956	1	GTACTTACTATATGAAATAAAATGCATCTGTATTTGAATGAATTTATTTTTAAGGGGGAAATCACATGGCTCAATCTCATTCCAGTTCAATCAACTATTT	TGGAAGCGCAAACA	AAGTGGTTTACGAAGGGAAAGATTCGACTAATCCTTTAGCATTTAAATATTATAATCCTCAAGAAGTAATCGGCGGAAAAACGCTGAAAGAGCATTTGCG	xylA	repressor	[RG;Gartner D, et al.;1988;2454911]	DBTBS	-
NC_000964.3	CcpA	NP_390852.1	1887253	1887267	1	AACGAAAGAATGAGGCTTTTATCCTTTTCCAGGTATATAAGGTATGACGAAAAAAGATGAATTTTTTGCTTGCTGATCACCATATTTTTTTGCACTGTTT	TGAAAGCGCTTTTA	TAAAAGTTTACTGACCGTAAATTCGAGAAATTGTTATACCGTTTCACACTGTTCCATATTAAAGGATCGAAAAGGGGAGAAATCATGCTCAGTGAAAATG	xynP	repressor	[DB HB HM RG;8012596;Lindner C, et al.;1994]	DBTBS	-
NC_000964.3	CcpA	NP_390852.1	627942	627956	1	TGACTGTATTTTTGCTGATTAACGTAATGGTGACTCTGTTTTTTAAAACAAATATGCACGACGTCATTTATCATGCGATTCAGGCTCCGCTTGTCGGACT	TGGAAGCGGTATCA	TTCCAACACTGATTGCCGTGTTTTTCATTCAAATTCTTTGGTTTTTCGGACTGCATGGACAGATCATTATCAACTCCGTGATGGACCCGATTTGGAATAC	ydhO	repressor	[RG;10666464;Miwa Y, et al.;2000]	DBTBS	-
NC_000964.3	CcpA	NP_390852.1	3979780	3979794	1	ATAATTTCAATTTTTTAGTATACTTAACATAGTGAACAATTTCACTGCATCAAGAATAGGGGAGGTTTTTCAATGGGAGAGCTTCAAACACACATGCAAT	TGCAAACGGATACA	ATTCACGAAGGGGTTCGAAAAGAGAATTGGTTTGCGAAAGCCATGAATATAAAAGTAGGCATCATACCGCTTCCTGTGTATGCCTTGCTGTTTATATTAA	yxkJ	repressor	[RG;10666464;Miwa Y, et al.;2000]	DBTBS	-
NC_000964.3	CcpC	NP_389297.1	1486007	1486022	1	CTATTTTTATTATATAGGCAGAGTGAAAAAAGAAAGCGCATACATAATTTAAACGAGAATAGGGCTTGAATAAGAAACTAAGATTTTATTAGAATGGGAG	ATAAGAAAAACTTAT	TGATAACAAAAAGGAGGACGACATGCAGCTTCAAGAGCTTCATATGCTCGTAGTTTTAGCTGAGGAATTAAATATGAGAAAGGCGGCAGAACGGCTTTTT	ccpC	repressor	[GS FT;11985717;Kim HJ, et al.;2002]	DBTBS	-
NC_000964.3	CodY	NP_389499.1	3635867	3635917	-1	TCAGAGACAATCCGATATTAATGATGTAGCCGGGAGGAGGCGCAAAAGACTCAGCCAGTTACAAAATAAGGGCACAAGGACGTGCCTTAACAACATATTC	AGGGAGGAACAAAACAATGAGAATTAACCACAATATTGCAGCGCTTAACA	CACTGAACCGTTTGTCTTCAAACAACAGTGCGAGCCAAAAGAACATGGAGAAACTTTCTTCAGGTCTTCGCATCAACCGTGCGGGAGATGACGCAGCAGG	hag	repressor	[12730172;Bergara F, et al.;2003;DB RG GS FT]	DBTBS	-
NC_000964.3	CodY	NP_389499.1	2897620	2897637	-1	GAGAAGTGCCTATCCGAAATTGAAATGGATTGCAAGATGATCTGTCAGACTCAATCCATATACGAACCATATCGTGTTATAAAATCTTCCATGTTTATAT	AAAATTAAATAATTCTG	GTGTATTCTTGATAGATTAATAAAAAAATTATAAAAACTTTTAACATTTGCAATTCCTTTTGTACCAATAATGAAAGCGTATACAATATAGATTGATTAA	ilvB	repressor	[AR RG, ChIP-on-chip, GS;12618455;Molle V, et al.;2003]	DBTBS	-
NC_000964.3	CodY	NP_389499.1	2897561	2897606	-1	GCAAGATGATCTGTCAGACTCAATCCATATACGAACCATATCGTGTTATAAAATCTTCCATGTTTATATAAAATTAAATAATTCTGGTGTATTCTTGATA	GATTAATAAAAAAATTATAAAAACTTTTAACATTTGCAATTCCTT	TTGTACCAATAATGAAAGCGTATACAATATAGATTGATTAATCAAAATTGTCTAATAATTTTAAAAAATGCTGTTGACACTGCGTCCAAAGCGGCGTAAT	ilvB	repressor	[AR RG, ChIP-on-chip, GS;12618455;Molle V, et al.;2003]	DBTBS	-
NC_000964.3	CodY	NP_389499.1	2897506	2897537	-1	AAAATTAAATAATTCTGGTGTATTCTTGATAGATTAATAAAAAAATTATAAAAACTTTTAACATTTGCAATTCCTTTTGTACCAATAATGAAAGCGTATA	CAATATAGATTGATTAATCAAAATTGTCTAA	TAATTTTAAAAAATGCTGTTGACACTGCGTCCAAAGCGGCGTAATATGAGTTCAACAAAAGATAAATGCAAGCTTCACAAGCGAAAATCATCGCAGTATG	ilvB	repressor	[AR RG, ChIP-on-chip, GS;12618455;Molle V, et al.;2003]	DBTBS	-
NC_000964.3	ComA	NP_391046.1	3257361	3257377	-1	AAGAATCTTTCTCAATTTCAGCACATATAAACGCTCTTTCGCATAGAAAGATAGTCCCGTTCTTGTTGTGATTCCTTTGAGTATAAGGACCTATTGAGAT	TTGCGGTGTCACGCAG	GACTTTTTTGCATACTTTTCGGTGAAAAATGAGCCGAAAGCAGACACACTATTAGTAACAGATCAAATACCTAGGACTCGTTCACCATACACAATTCATT	degQ	activator	[DP DB RG;1901055;Msadek T, et al.;1991]	DBTBS	-
NC_000964.3	ComA	NP_391046.1	3257342	3257354	-1	CATATAAACGCTCTTTCGCATAGAAAGATAGTCCCGTTCTTGTTGTGATTCCTTTGAGTATAAGGACCTATTGAGATTTGCGGTGTCACGCAGGACTTTT	TTGCATACTTTT	CGGTGAAAAATGAGCCGAAAGCAGACACACTATTAGTAACAGATCAAATACCTAGGACTCGTTCACCATACACAATTCATTGATCTTTCAAAAAAAGGAG	degQ	activator	[DP DB RG;1901055;Msadek T, et al.;1991]	DBTBS	-
NC_000964.3	ComA	NP_391046.1	1315762	1315778	1	GAGAGCAAAGAAAAAGCCAGCGGGGAAGCTGGATGGAAAGAAACAAAGTCGGTTTTCACTAAAAGAAAGCACGGGTGTTTGAAAAACCCGTGCTTTTTTG	TTGCGGTTAGCCGAAA	TTCGACAATTGCGGTTATTTTGCGTTCTTCTTTTTCTTGTAAATATGATAAAATATGACATATCTCGGGTAATTCAAAAGGGGGGATTAATTGAGGATGA	rapA	activator	[DP RO DB;1378051;Mueller JP, et al.;1992]	DBTBS	-
NC_000964.3	ComA	NP_391046.1	428726	428742	1	AAGTTCATCATCCGCCTTCCTTTAACGGCAAAACAGCAATAGCATACAGGGCGGCGCATCAACTGATGCATCCGCCTTTTTTGCACACCGCTTCGGTTTA	TTGCGTGCTCCCGAAA	ACAAAGATTGCGTGTTTTTCGGGTTGGGACGGCCTATAAACATGATAAAATATGACATAAACAGTTTTTGATGGGAGAGGGTGAAGGAATGAAGAGTGGG	rapC	activator	[DP HM PE;10464187;Lazazzera BA, et al.;1999]	DBTBS	-
NC_000964.3	ComA	NP_391046.1	376559	376575	1	GTAAAGATTGTAAATTGCATTCAGCAATAAAAAAAGATTGAACGCAGCAGTTTGGTTTAAAAATTTTTATTTTTCTGTAAATAATGTTTAGTGGAAATGA	TTGCGGCATCCCGCAA	AAAATATTGCTGTAAATAAACTGGAATCTTTCGGCATCCCGCATGAAACTTTTCACCCATTTTTCGGTGATAAAAACATTTTTTTCATTTAAACTGAACG	srfAA	activator	[DB RG;1938922;1991;Hahn J & Dubnau D]	DBTBS	-
NC_000964.3	ComA	NP_391046.1	376603	376619	1	CAGCAGTTTGGTTTAAAAATTTTTATTTTTCTGTAAATAATGTTTAGTGGAAATGATTGCGGCATCCCGCAAAAAATATTGCTGTAAATAAACTGGAATC	TTTCGGCATCCCGCAT	GAAACTTTTCACCCATTTTTCGGTGATAAAAACATTTTTTTCATTTAAACTGAACGGTAGAAAGATAAAAAATATTGAAAACAATGAATAAATAGCCAAA	srfAA	activator	[DB RG;1938922;1991;Hahn J & Dubnau D]	DBTBS	-
NC_000964.3	LexA	NP_389668.1	1862877	1862891	-1	ATATAATGCTGATTGGCATTTGGCTTTCCAAAGATCGGTGCAAGTAGAAATTCATACGGTTGCTCTCCCCTTCCCAGTTTGATATGATCACATTATAATA	CGAACAAACGTTCT	TTTTCAATCCCCAATGATTTCCTCAGCTTCTGAATCTATCGTATCTAATGCGAAAGATTCAGAAAAACAAACTCTTGTCTGTCTCTTACAGAGGACAAAC	aprX	repressor	[GS AR DB;Au N, et al.;2005;16267290]	DBTBS	-
NC_000964.3	LexA	NP_389668.1	608805	608819	-1	TCATTATAGTTTACCCCGCTAAACTTTATGTTCAATGTCAATTAGTTTATTCCTCTAAACTATATATGTCAACAAATTTTATTTTCGAGCACTCTACATA	AGAACTCATGTTCG	TGTATAATGAAAGCTATACACACGAAAGGGGGAATTTTAACATGTCAGATTTTGCATTCAAATTGTATGAATATAACGTCTGGGCCAATCAACAAATATT	dinB	repressor	[DB RG;1847907;Cheo DL, et al.;1991]	DBTBS	-
NC_000964.3	LexA	NP_389668.1	3683339	3683353	1	TTCCGATAGATGGAATAAGTATTCTGATGGGAATTCAAGCCAAAATTTATTGAATTTCATCGAAAATTTAATAAGCTAAATGATGACACTTGTTCAAAAC	AGAACAAGTGTTCT	TTTTTCTATTGAATACCGAACGTATGTTTGCTTTAATGTAATTAGTTGCTTATGGCAGCAAATAATAATAGAGGTGGTAAATTTATGAGAAAAAAAGAAC	dinC	repressor	[DB RG;1657879;Raymond-Denise A & Guillen N;1991]	DBTBS	-
NC_000964.3	LexA	NP_389668.1	2994677	2994691	-1	GATAAAATTCACCATAAATCCTGCTTCCTGATCCATCTTTATCACCTCACCTTTTATATCATATTGAGCTTTCAGGACAAGTATGATGATGAGTCAAAAA	AGAACATTTGTTTC	TTTTGGAAACCGGCCTTATAATGAAGGAAGAAATGGATCGTAATGAGAAAGAGGTGATAGCATGTCTTTTGTTCACCTGCAAGTGCATAGCGGGTATAGC	dnaE	repressor	[DB RG, Western blot;Le Chatelier E, et al.;2003;14593098]	DBTBS	-
NC_000964.3	LexA	NP_389668.1	2386087	2386101	-1	CCTGTAATACCGGTAGACCTCTTTATAGAATGGGAGGTCTTTTTTCTTTGCTCTTAATAATGGAAAAGGATCAAGGAATAGGATGAAAAAAGGAAAAAAA	GGAATATTCGTTCG	GTAAATCACCTTAAATCCTTGACGAGCAAGGGATTGACGCTTTAAAATGCTTGATATGGCTTTTTATATGTGTTACTCTACATACAGAAATTCTTCACTT	hbs	repressor	[GS;Au N, et al.;2005;16267290]	DBTBS	-
NC_000964.3	LexA	NP_389668.1	1918314	1918328	-1	ATAGATTCTTTACTCATGATCATAACCTCCAACAGGAATGTTTGTTCGCATTTTTATAATTTCAGTATATACGAACAAACGTTTCTGTCAATTGTTTTTT	CGAACCTATGTTTG	TACTGTAAGGAAAATCATGCTATAATCTTCTTAAAATCGACGTTTTGAGGTGCGAAAAATGACGAAGCTATCAAAAAGGCAACTTGATATCCTCCGTTTT	lexA	repressor	[DB RG;1657879;Raymond-Denise A & Guillen N;1991]	DBTBS	-
NC_000964.3	LexA	NP_389668.1	1918343	1918357	-1	AAATCACTGTAAACAGACCGACAAAAATAATAGATTCTTTACTCATGATCATAACCTCCAACAGGAATGTTTGTTCGCATTTTTATAATTTCAGTATATA	CGAACAAACGTTTC	TGTCAATTGTTTTTTCGAACCTATGTTTGTACTGTAAGGAAAATCATGCTATAATCTTCTTAAAATCGACGTTTTGAGGTGCGAAAAATGACGAAGCTAT	lexA	repressor	[DB RG;1657879;Raymond-Denise A & Guillen N;1991]	DBTBS	-
NC_000964.3	LexA	NP_389668.1	1918380	1918394	-1	CTGCTTGTATATGACAGCATAAGGATAACCGCGCTCAAAATCACTGTAAACAGACCGACAAAAATAATAGATTCTTTACTCATGATCATAACCTCCAACA	GGAATGTTTGTTCG	CATTTTTATAATTTCAGTATATACGAACAAACGTTTCTGTCAATTGTTTTTTCGAACCTATGTTTGTACTGTAAGGAAAATCATGCTATAATCTTCTTAA	lexA	repressor	[DB RG;1657879;Raymond-Denise A & Guillen N;1991]	DBTBS	-
NC_000964.3	LexA	NP_389668.1	1933257	1933271	1	AACAGATACAATAAAGCTTGAACAGCTTTTTTTGAATACCTTGTCCAGCTGGGTTTCGGCCGTTCGATTTGCGAAGGTCTGCTGCTTTATATATAATAAA	CAAACATACGTTCT	CATAGTGTAAAAACAGCACTAGCCGATGTTTTGAGAAGAACTGATTCGTTAGCTCTATGTTGCGATTGCAAACATATTGGTTATAATGAGGAGTCCAAGG	parE	repressor	[GS AR DB;Au N, et al.;2005;16267290]	DBTBS	-
NC_000964.3	LexA	NP_389668.1	719334	719348	1	TCGTTGTAGGCAATGCGGTGTATGAAGATTTTGACAGGGCTTTGAAAACAGTAGCGGCTGTGAAAGGCGAGTAGTAAATTGTACGGATTTGGTTTATGAT	AGAACGTATGTTTT	GTATAGGCGGGTGAACAAATTTTGAATTATATTAGCAATCAATTACTAAGCGGTTTAAACCCCGTTCAGCAGGAAGCAGTCAAAACAACGGACGGGCCTC	pcrA	repressor	[GS AR DB;Au N, et al.;2005;16267290]	DBTBS	-
NC_000964.3	LexA	NP_389668.1	1764558	1764572	1	TAGAGCAAAAATAATATTTTCAGCACATTATCCTCCTAAGAAAACATGATTTCTCTGATACATTATGATATTTTGATAGGAATCACGCCAAGAAAAAATC	CGAATATGCGTTCG	CTTTTTTCTTGGCAAATCCCTTCAAACAGGGTATAGTATATGTAGTGGTAACATAAAGGAGGAAAAAATAGAATGAGTGATCGTCAGGCAGCCTTAGATA	recA	repressor	[DB RG;Raymond-Denise A & Guillen N;1992;1577687]	DBTBS	-
NC_000964.3	LexA	NP_389668.1	2836834	2836848	-1	TGAGGATGTCATCGAACATATGAAGACATACAGCGGGTAGCGTCCGCTGATTGAAGACATGTATTCATGTCTTTTTTTTCGTGAAAGAATGAGAGAGAAG	CGAACATATGTTAA	CTTTTCTATAAGACTTTGGCTGTTTTTATGGTACAATGAAGAACAGTCAAAGAGGTGAATTTGCGTGATTGAATTTGTTAAAGGGACGATTGATTATGTA	ruvA	repressor	[GS AR DB;Au N, et al.;2005;16267290]	DBTBS	-
NC_000964.3	LexA	NP_389668.1	2647329	2647343	1	GTGGATAAATTTACACACACTATCCACTCTTATTACATCACTCTTTAGACAAATTATAAACACGATACTCACAAGTTATCCACTTTTTGGTGTGGATAAC	AGAACGATTGTTCT	TATATGCATTTCATGGTAGATTAAAGATAACTTCAACCTCAGATGAATGCAACTTATCATTGTATGCGTTAAAATCATGAATGATTCCAACTTTTAAGGA	sda	repressor	[GS;Au N, et al.;2005;16267290]	DBTBS	-
NC_000964.3	LexA	NP_389668.1	3615008	3615022	-1	AGAATAAATCGGACATAATGAATATAAAGACTGAATACCTGCTTTTACGTTTTAAAAGCAGGTTTTTTATACACAAAAACAGCTGGAAATAAAAAACCAC	CGAACTTTAGTTCG	TATTTTTAGTGATTTTGCTTTCCATTGTGTTACTATATCTATAGGAAGATTTCGTTAAAGAAACGGAGGCTTATTTTTGTGAAAGATCGCTTTGAGTTAG	uvrB	repressor	[DB RG DP;1847907;Cheo DL, et al.;1991]	DBTBS	-
NC_000964.3	LexA	NP_389668.1	2912932	2912946	-1	AGCTTGTAAACAAACATCTTTAATTTTCCGCTGCTTACATGCCAGAGCGATTCCGATTGAGGGATCGCTTTTTTTATTCGCCAATTGTGAACCATAGAGA	AAAACAAACGTTCG	TGTTAAACTGGAAATAAAGGATTAAACATAAGGAAGGGTAACATATGAACAAACAACTGAAAGAAAAACTCGCCCTCCTTCCTGATCAACCGGGTTGTTA	uvrC	repressor	[GS AR DB;Au N, et al.;2005;16267290]	DBTBS	-
NC_000964.3	LexA	NP_389668.1	3907653	3907667	1	ACCGCTTTGAAAACTTTATACACAAGTTATCCCAAAGATAAGAACAACTTAATCACAAGAGATATCCACATGTCCACAAACTCTATCTATATTTTGTATA	CGAACGTATATTCC	TAACTATATATATACACAGGTTTATTCACTTATACACAGGGTTCTGTGTATAACTCCTTCGTTATACACAAACAAAATCCAATAAATGGTCCAAATGACA	vpr	repressor	[GS;Au N, et al.;2005;16267290]	DBTBS	-
NC_000964.3	LexA	NP_389668.1	155969	155983	1	GTATTAGACCAATATATCCATACATATTCTGCAACAAGAAGCGTGAAAGTATGAAAAGCAGCGACCTGTTAGAGGGGCTGCTTTTTTCATAACCAATTAC	AGAACATTTGTTCC	TCACCCTGCAGAAAGCTGATTTTTTATCAATGTTACACCTTCATTTGGGCGAATTTCCAACCGAATTCGGGCATTGTTTCATCATCCAAACCTCAAAATA	ybaK	repressor	[GS AR DB;Au N, et al.;2005;16267290]	DBTBS	-
NC_000964.3	LexA	NP_389668.1	608805	608819	1	AATATTTGTTGATTGGCCCAGACGTTATATTCATACAATTTGAATGCAAAATCTGACATGTTAAAATTCCCCCTTTCGTGTGTATAGCTTTCATTATACA	CGAACATGAGTTCT	TATGTAGAGTGCTCGAAAATAAAATTTGTTGACATATATAGTTTAGAGGAATAAACTAATTGACATTGAACATAAAGTTTAGCGGGGTAAACTATAATGA	ydgG	repressor	[GS;Au N, et al.;2005;16267290]	DBTBS	-
NC_000964.3	LexA	NP_389668.1	655158	655172	1	AAGAGGATGATATATCCAAAGCAAAAACCTTCATTCTTTCATGAATTTAAAGTATTATATAAGCTACTGAAAAAGTTTTGTATAAAAGGTATAATGATAA	AGAACATTCGTTCT	TGTATGGGGTACTTTCTCTGAGAATGAAAATAATGTCTTAGGGTGATATAATGACAAATTTTATTTTAAATGAAAATAAACAGTTATCATTGGCAATTGA	ydiO	repressor	[GS AR DB;Au N, et al.;2005;16267290]	DBTBS	-
NC_000964.3	LexA	NP_389668.1	1064782	1064796	1	GGCAATTCAAGCGCGTTCAAAGCGATCAAACAAGCGCTACGTTTAGCGAAAAACTGATTGGAAAACAGCCTGGGGATTCTCAGGCTGTTTCTTTATTGAC	AGAACGTGCATTCG	CAAGAATTCGGTGCTAAAATAAGGGTACTTCATCCTGGAAAGGAGCAGAATGTTGACTGATCTAACCTTTATTCATGCGGCAGATCTTCATCTTGACAGC	yhaO	repressor	[GS AR DB;Au N, et al.;2005;16267290]	DBTBS	-
NC_000964.3	LexA	NP_389668.1	1056254	1056268	-1	CTTTCCGATGACAAGGGTTTTTTTAACTAAAAAAAGTAACCAACTTTTGTATATCCGTGGTAGGATCAGTTGTTAATTTTTAGGACTATACACTTGATCC	AGAACGTACATTCC	CATACAATATAAATAATAAACGAAAAAGCGGTGTTTATATGGCTGATTTAAAAGAAATATATAATGAAGAACTGATATCTCAGTTGATCCATCATGTAAG	yhaZ	repressor	[GS AR DB;Au N, et al.;2005;16267290]	DBTBS	-
NC_000964.3	LexA	NP_389668.1	1918314	1918328	1	AAAACGGAGGATATCAAGTTGCCTTTTTGATAGCTTCGTCATTTTTCGCACCTCAAAACGTCGATTTTAAGAAGATTATAGCATGATTTTCCTTACAGTA	CAAACATAGGTTCG	AAAAAACAATTGACAGAAACGTTTGTTCGTATATACTGAAATTATAAAAATGCGAACAAACATTCCTGTTGGAGGTTATGATCATGAGTAAAGAATCTAT	yneA	repressor	[NB;12581363;Kawai Y, et al.;2003]	DBTBS	-
NC_000964.3	LexA	NP_389668.1	1918343	1918357	1	ATAGCTTCGTCATTTTTCGCACCTCAAAACGTCGATTTTAAGAAGATTATAGCATGATTTTCCTTACAGTACAAACATAGGTTCGAAAAAACAATTGACA	GAAACGTTTGTTCG	TATATACTGAAATTATAAAAATGCGAACAAACATTCCTGTTGGAGGTTATGATCATGAGTAAAGAATCTATTATTTTTGTCGGTCTGTTTACAGTGATTT	yneA	repressor	[NB;12581363;Kawai Y, et al.;2003]	DBTBS	-
NC_000964.3	LexA	NP_389668.1	1918380	1918394	1	TTAAGAAGATTATAGCATGATTTTCCTTACAGTACAAACATAGGTTCGAAAAAACAATTGACAGAAACGTTTGTTCGTATATACTGAAATTATAAAAATG	CGAACAAACATTCC	TGTTGGAGGTTATGATCATGAGTAAAGAATCTATTATTTTTGTCGGTCTGTTTACAGTGATTTTGAGCGCGGTTATCCTTATGCTGTCATATACAAGCAG	yneA	repressor	[NB;12581363;Kawai Y, et al.;2003]	DBTBS	-
NC_000964.3	LexA	NP_389668.1	2272015	2272029	1	TAAGCTGTGTCAAATGTTCTGGAAGCATCATTGATGTCCATTTGATTGTTCCTCGATCTCTAAGCATATCGCCCCACTCCTTTATTGATCTAATATTAAC	AGAACAAACGTTCT	TCATTCAAGATAAACCAGAACAAAAGTTCGATGTAAATGTTGGTAATAAAATATAAAGGTCAATGATGATTTGCGTAGTATTAATAAAGGAGGGATTCTT	yolC	repressor	[GS;Au N, et al.;2005;16267290]	DBTBS	-
NC_000964.3	LexA	NP_389668.1	2272015	2272029	-1	AAGAATCCCTCCTTTATTAATACTACGCAAATCATCATTGACCTTTATATTTTATTACCAACATTTACATCGAACTTTTGTTCTGGTTTATCTTGAATGA	AGAACGTTTGTTCT	GTTAATATTAGATCAATAAAGGAGTGGGGCGATATGCTTAGAGATCGAGGAACAATCAAATGGACATCAATGATGCTTCCAGAACATTTGACACAGCTTA	yolD	repressor	[GS;Au N, et al.;2005;16267290]	DBTBS	-
NC_000964.3	LexA	NP_389668.1	2188176	2188190	-1	GCTTCCAGTACAACTTTAATACATAATACATACGACAGCGGCACACCTAGATTAGCCTTAGATGATACAGTAATCGATTATAAATAAAAAATTCTTAACG	AGAACACTTGTTCC	CTTTATGGGTTTTGGTATATAATTTAGTAGTACCAAAAATTTCAAAACAGGGGATGAGAGTATGAGTGAGCAGAAGCTTAGAATCGGAGAAATACGGTAT	yorB	repressor	[GS;Au N, et al.;2005;16267290]	DBTBS	-
NC_000964.3	LexA	NP_389668.1	2432237	2432251	-1	TTCTACCCGTTTAACGAAATGCGCAAAACAAATTAGGATCAAGCAGCTTCCCATTGGGGCTGCTTTTTTTATATCTTTTTTACGGTCATCCCCTAAAAAC	AGAACATAAATTCG	TATATCTATAGAAAAGAAATTTTTGCAGAAATGTGAAACATATTCCCGTTATGCATCGTTATATTAATAATTTACGAGAATTTACGGTTTTTTATTCATG	ypuD	repressor	[GS;Au N, et al.;2005;16267290]	DBTBS	-
NC_000964.3	LexA	NP_389668.1	2561454	2561468	1	GAGAAAAATGGATTAGATCTCTTGCCTTACTTCTTTCTTGAGGCCCCATTTGGTACCAAAACCAATCCTTTCCCGTATGTGCCTTCATGTCAAGCTCCTC	CAAACTTTTGTTCT	TTATTCTTTAATTGCCCAATAACCGCGTCACTAAACCAGTCTGCCGCTTCAACACATGTTTTATGAGCATTTTCAGGTGGTATGGAATGTAGAAAGACAT	yqhB	repressor	[GS;Au N, et al.;2005;16267290]	DBTBS	-
NC_000964.3	LexA	NP_389668.1	2465842	2465856	-1	CCTATCCTTATGCTTCGCTTTTATTCTACTAAATGTTTTTCTTCTCTCAAACCCTTGGATCATATTTTCTGTCAGACAAGAATCATTTACCAGTATAAAA	CGAACATACTTTCG	CATATAATGAAAAGCGAACATAAGTTCTTTTTAGAGGTGTGTATGATGAAAGAAAAAGTGATTTTTCTCGTTGACATGCAATCGTTTTATGCATCTGTAG	yqjW	repressor	[GS AR DB;Au N, et al.;2005;16267290]	DBTBS	-
NC_000964.3	LexA	NP_389668.1	2465814	2465828	-1	CTAAATGTTTTTCTTCTCTCAAACCCTTGGATCATATTTTCTGTCAGACAAGAATCATTTACCAGTATAAAACGAACATACTTTCGCATATAATGAAAAG	CGAACATAAGTTCT	TTTTAGAGGTGTGTATGATGAAAGAAAAAGTGATTTTTCTCGTTGACATGCAATCGTTTTATGCATCTGTAGAGAAAGCGGAAAATCCACATTTGAAAAA	yqjW	repressor	[GS AR DB;Au N, et al.;2005;16267290]	DBTBS	-
NC_000964.3	LexA	NP_389668.1	2561454	2561468	-1	ATGTCTTTCTACATTCCATACCACCTGAAAATGCTCATAAAACATGTGTTGAAGCGGCAGACTGGTTTAGTGACGCGGTTATTGGGCAATTAAAGAATAA	AGAACAAAAGTTTG	GAGGAGCTTGACATGAAGGCACATACGGGAAAGGATTGGTTTTGGTACCAAATGGGGCCTCAAGAAAGAAGTAAGGCAAGAGATCTAATCCATTTTTCTC	yqxL	repressor	[GS;Au N, et al.;2005;16267290]	DBTBS	-
NC_000964.3	LexA	NP_389668.1	2465842	2465856	1	CTACAGATGCATAAAACGATTGCATGTCAACGAGAAAAATCACTTTTTCTTTCATCATACACACCTCTAAAAAGAACTTATGTTCGCTTTTCATTATATG	CGAAAGTATGTTCG	TTTTATACTGGTAAATGATTCTTGTCTGACAGAAAATATGATCCAAGGGTTTGAGAGAAGAAAAACATTTAGTAGAATAAAAGCGAAGCATAAGGATAGG	yqzH	repressor	[GS;Au N, et al.;2005;16267290]	DBTBS	-
NC_000964.3	LexA	NP_389668.1	2465814	2465828	1	TTTTTCAAATGTGGATTTTCCGCTTTCTCTACAGATGCATAAAACGATTGCATGTCAACGAGAAAAATCACTTTTTCTTTCATCATACACACCTCTAAAA	AGAACTTATGTTCG	CTTTTCATTATATGCGAAAGTATGTTCGTTTTATACTGGTAAATGATTCTTGTCTGACAGAAAATATGATCCAAGGGTTTGAGAGAAGAAAAACATTTAG	yqzH	repressor	[GS;Au N, et al.;2005;16267290]	DBTBS	-
NC_000964.3	Fur	NP_390233.2	3292379	3292398	-1	ATGGGCTGAGACATACTCAGCCTTGCCTTTAAAAAAATATTTGTCACTGAAATTATATTTGACTGTCACATGACATTTGGATATGATTATTTTTATAATT	GATAATGATAATCATTATC	AATAGATTGCGTTTTTCAAGGCGCAGCAGTCTTTTTCGCTGGATGTCTGTTTGGCATTTAGAGCGAAGAAAGGAATTGATGATATGAATGCAAAGGGTAT	dhbA	repressor	[FT;12354229;Baichoo N, et al.;2002]	DBTBS	-
NC_000964.3	Fur	NP_390233.2	183339	183358	-1	ATCGTTCAGCAAACTGTTTCTTTACTATCCGGAGATTGTCCATGATAAATCAGGAATTTGTCCATGGTGTTATATCTGTTCATTCTCTATAATTCCAATT	GATAATAGTTATCAATTGA	ACAGGAGGCTCTATAGATGAAAAAGATATCTCTTACCTTATTAATCTTACTTCTCGCGCTGACGGCGGCAGCTTGCGGCAGCAAAAATGAATCAACTGCC	feuA	repressor	[FT;12354229;Baichoo N, et al.;2002]	DBTBS	-
NC_000964.3	Fur	NP_390233.2	3418425	3418444	1	ACTTTTTTCAGCTGATTTAATAGAGTGTTTTGAACAAAAATGAAAATGCATTTGCAAAAATATCGTGTCAACCGGCACTTGCAGTGGTATAATCACAGAT	GATAATGATTCTCTTTTTC	ATCTATCTTTTAGAAAGAAGGTATGAGATATGACCCATATATACAAGAAACTCGGAGCCGCGTTTTTTGCCCTGTTATTGATTGCAGCGCTGGCAGCCTG	fhuD	repressor	[FT;12354229;Baichoo N, et al.;2002]	DBTBS	-
NC_000964.3	Fur	NP_390233.2	355749	355768	-1	CGAATGAATGAAACACTCTCTGTCCACAAGGATCCGTGGAAAGACTTTTTAGAGGATAAACAAACCTCTAAAGAATTATTTGAAAATGTCGTGACCACAT	CATAATGACAAAAACTATC	ATTGAGGAGGAATGGACATGGTAAACAAAGACGTAACAAAAGTATGTATCGGAAAAATTGAAGAATTGCCTGAACAATTAGGCAAAACAGTGTATATTGA	nasE	repressor	[FT;12354229;Baichoo N, et al.;2002]	DBTBS	-
NC_000964.3	Fur	NP_390233.2	185034	185053	-1	TGAACGAAAGACCCTTACTTTTACACATAAGTAAGGGTTTTTTTCATGCTAAAAACCCACCCGCTTTATATAGGAAAACTTTCATTTATTTGGTACAATT	TTTATTGAAAATGATTATC	AATTGAAAGCTTCTGAAAAGGTGGTCTACTCGTGCAAAATGCAGTGATTTATCAACCAGTACAAATTGAATATCTAAAAAAGACAAGTGATCTCTTCTCA	ybbB	repressor	[FT;12354229;Baichoo N, et al.;2002]	DBTBS	-
NC_000964.3	Fur	NP_390233.2	352802	352817	1	CACCCAATTGGTTTTTGCCTATTATAGAGTTTTCAGCAATTGACCACAAGGTAGAAGAAATGAATAAACAAAGGCCCTTGAAATATGATATACTTTGTAT	TGATATTCATTCTCA	ATTAAAACTTTGATATAGATGTGAACGGGAGGCAGGACGGATGGCTGAGAATCAAGAGGTATATGACGTTACGATTATAGGCGGGGGGCCGATCGGGCTG	ycgT	repressor	[DB 2D-PAGE RG GS HM;16672620;Ollinger J, et al.;2006]	DBTBS	-
NC_000964.3	Fur	NP_390233.2	432276	432295	1	GGATGGAAAATGGTTAGAATGATTAGTAAAATTGATAAATGACTAGGTTAATATTTTTAAAGAATATTGACTAACCCTATAAAAATGGTAATATGTAAAT	GATAATGATAATCAATTAC	TATATGGCCATATTGTTTTGAGTCCTTGCGGAGTAGGAGATACGTTCTTTTTGCTGTAAGGATGTAAGGAGGCAGCATGAAGCTACGTTACTTATTTATT	yclN	repressor	[FT;12354229;Baichoo N, et al.;2002]	DBTBS	-
NC_000964.3	Fur	NP_390233.2	506643	506662	-1	GAAACTTTTTGTCGATTTGTTGAATGTTTGTAAATTGGCCAAGAATAGGACTCTTTTCATCTTTACAGGCTATTGCGGACATTGTATACTGAAGTTAATT	GATAATGATTATCAATATC	GTTTGATTGGAGGTTGGTGACACAATGACACCTCAGTCTGCAGAAATCAGAAAAAAACAGCTCATTCATCTGTTAATACAGAATGGTATATACAAAAAGT	ydbN	repressor	[FT;12354229;Baichoo N, et al.;2002]	DBTBS	-
NC_000964.3	Fur	NP_390233.2	634440	634459	-1	GGTTCAAAACACAATCAATGCTTTATTAGATGAATCAGGCGGTGAAGGTGTCGGCAGTCAAGGTACAGATCAAGCGCCACTTGATGAAGCGGTTAAACAT	GCTAATCCTCATCATTATA	TTATTGGAGCGCAAAGTTCCCTTCCTGTTGATGCAGGGGGCAATCCGTGGAACGGGTCGTGGGTGTATAACCACGGAAACTTAATTACTGACCTGCTGGA	ydhU	repressor	[FT;12354229;Baichoo N, et al.;2002]	DBTBS	-
NC_000964.3	Fur	NP_390233.2	923543	923562	1	AAGTGAACATGACAGGAACAGCCGTTTACTCAGAAACCCGTATTCTTAAAATCTAATACGGATGATGGTTTACAAAAAGATGCACTTTCCGTTATCATTA	TGAAATGATAATCATTTTC	AATTGCATAGGAAGGTGAGACGGTATGCCTCAAACCGAACAAATACATCAGCATTCAGTACTGAGGGACATCATACGCAGCAGAAGATCGATTCGAAAGT	yfhC	repressor	[FT;12354229;Baichoo N, et al.;2002]	DBTBS	-
NC_000964.3	Fur	NP_390233.2	920418	920437	1	ATAGCATGCTGATATGCTTTTTCATCTTTTTCCTCCCAATATTGAAATTCATTATCATTTAGATCATAATAAGCAGTGTTAAGAGTGTCAATCCCTAATT	GAGGATTATTCTCAAAAAC	AAACATTACATAGTAAATAACTAGGAGAATTAGATCATGATCTGCAAAAAGGCATCTTCAAAATGGATTGTGTTAGTATGTCTGATTTTCATTTTACTGA	yfiZ	repressor	[FT;12354229;Baichoo N, et al.;2002]	DBTBS	-
NC_000964.3	Fur	NP_390233.2	920355	920374	1	TGTTGCTTGAACTTTCTGAACTATTACAGGCAGAAAGTACCATAACGGCCATTAAAAATACGAATAGCATGCTGATATGCTTTTTCATCTTTTTCCTCCC	AATATTGAAATTCATTATC	ATTTAGATCATAATAAGCAGTGTTAAGAGTGTCAATCCCTAATTGAGGATTATTCTCAAAAACAAACATTACATAGTAAATAACTAGGAGAATTAGATCA	yfiZ	repressor	[FT;12354229;Baichoo N, et al.;2002]	DBTBS	-
NC_000964.3	Fur	NP_390233.2	859421	859440	1	CGTAATCCATCATGTTGGCATGAATATCAGTCGTAGCCAAAATACTCAGATGCACCTGAGGAGCCGCGCTTTCTTCTGCATGAATGGGTGGTGTTGGGAG	GATTAGGCTAAGTATCATA	ATTGGGGGCAAAAGAATACGGAGAATGTTTTCGACGTGTGTTCGTCTTTTCTGTATTCTCACCAGTTCTCCACCTTTCAACGAAATTTGTGTTACAGCTC	yfkM	repressor	[FT;12354229;Baichoo N, et al.;2002]	DBTBS	-
NC_000964.3	Fur	NP_390233.2	826758	826777	-1	TTGTGTCTGATGATGCTTTCATGAGAAAGCAGTAAAAACGCAGCTTTCTTTACTAAAAAAATATTGACATGATAAGCCATGCTATTATAGTGTTACATGT	GATAATGATTCTCATTACT	AAATCTGAAAAAAGGAAGAATGACATGCGCACCTATTCTAACAAGTTGATTGCCATCATGAGTGTTTTATTGCTCGCCTGCCTCATTGTATCCGGCTGTT	yfmC	repressor	[FT;12354229;Baichoo N, et al.;2002]	DBTBS	-
NC_000964.3	Fur	NP_390233.2	1107653	1107672	1	CTTTTTTGTGGACAGGATGATCAGCTGCTGAACTGCTGTGTCGCGAAACAAGATTTTCCTGTAAGCCGAACTTTCTCTTCTCATTTTAAAAATAATTGGT	GATAATGATTCTCATTCCG	TGTTATACTACTCTTGGACATCTTAACCATAGAAACTACCAACAGGAGAGACTGGAACATATGAAAAAAACACTGATTATTCTTACAGTTTTACTTCTTT	yhfQ	repressor	[FT;12354229;Baichoo N, et al.;2002]	DBTBS	-
NC_000964.3	Fur	NP_390233.2	1486963	1486982	1	AAACAAGTTCAAGCTTTTGTACAAGTGATAAAGGATATGCTGGATCAGGAAAATCCATTTTAAAGACAGCGAGGTGCTGTCTTTTTTTTATTTATCTGTT	GACAATGAAAATCATTATC	ATTTAAAGTGATACATATGATATTGAAAATCATTATCAACTAATGGGGTGATAACATGGCTAAAGCCTTGATTACATATGCCAGCATGTCAGGAAATACA	ykuN	repressor	[FT;12354229;Baichoo N, et al.;2002]	DBTBS	-
NC_000964.3	Fur	NP_390233.2	1487000	1487019	1	TGCTGGATCAGGAAAATCCATTTTAAAGACAGCGAGGTGCTGTCTTTTTTTTATTTATCTGTTGACAATGAAAATCATTATCATTTAAAGTGATACATAT	GATATTGAAAATCATTATC	AACTAATGGGGTGATAACATGGCTAAAGCCTTGATTACATATGCCAGCATGTCAGGAAATACAGAAGACATTGCCTTCATAATAAAAGATACGCTTCAGG	ykuN	repressor	[FT;12354229;Baichoo N, et al.;2002]	DBTBS	-
NC_000964.3	Fur	NP_390233.2	2033655	2033674	-1	TTTTTCATAAGTACCTACATTTGATATATGAATGATAGTGAATTTGCCTTAAAATCAACTATGAATCTATTTCCTCTTTCAAACCAGATGGATTGAGTCT	TATAATGATAATGATTCTC	ATTTGAAGTCTGGTTTGAGGAGGACCAAATATGAAAAAGATCATGAGTGCATTTGTTGGTATGGTTTTGTTGACGATCTTCTGTTTTTCCCCGCAAGCTT	yoaJ	repressor	[FT;12354229;Baichoo N, et al.;2002]	DBTBS	-
NC_000964.3	Fur	NP_390233.2	3293400	3293419	-1	TTGATAGTCTGCAGGTACCTTATTTGATCAAGGTGCCTTTTTTATTCGGGAAAAAGTTGACTTTCTTTGGAAGAAAACCTATTATTTGAGGTGTCTAGTT	GATAGTGAAAATCATTATC	ATACATTGCGGTTTAGTTTAAGGAGAGGAATGTCGTACTGCATGAAAGAACAAACAACAGACCGGACAAATGGCGGGACATCAAACGCATTTACGATTCC	yuiI	repressor	[FT;12354229;Baichoo N, et al.;2002]	DBTBS	-
NC_000964.3	Fur	NP_390233.2	3380088	3380107	-1	GATTTAAAATTGAAGCTGAAGGACGGCTCCATCAGAGAAATCAAGAAGTAATCTTGTGATAAAAAACCCATAAACGTCAATTATGTCCATAAAACTAATT	GAAAATGATTTTCAAAGTC	AGTGTTTTCTGCTACAATGAGGGATATATGACCATATCAAATGGCTGAATATCGGAATCATTTGCATTGATGACAATTGACTTAAAAGCATGTATATAGA	yusV	repressor	[FT;12354229;Baichoo N, et al.;2002]	DBTBS	-
NC_000964.3	Fur	NP_390233.2	3380023	3380042	-1	ACCCATAAACGTCAATTATGTCCATAAAACTAATTGAAAATGATTTTCAAAGTCAGTGTTTTCTGCTACAATGAGGGATATATGACCATATCAAATGGCT	GAATATCGGAATCATTTGC	ATTGATGACAATTGACTTAAAAGCATGTATATAGAAAACGTGCAATACATAGTGCTGCTAAAAAGCCAGCAAAAAGGAGCGGTTATGGGTATGAGTGCAA	yusV	repressor	[FT;12354229;Baichoo N, et al.;2002]	DBTBS	-
NC_000964.3	Fur	NP_390233.2	3930568	3930587	-1	GGGCTGTTCTGTAAAAGGACAGCTTTTTTGCTGTCCATCAAGGTTTTCAGACCTTCAAATTTTAATTGACAAAGGACAGGAACTGGCTATGATTATGTTA	TACAATGATAATCATTTTC	AATTATAGGAGGAACATGATGGCTCGGGGGCTGGCACTTATTCTATTCAGCTTGTTGATGGTTTTCGGTTCTGCGGCACATGCGGAAGATGATCCGATCG	ywbL	repressor	[FT;12354229;Baichoo N, et al.;2002]	DBTBS	-
NC_000964.3	Fur	NP_390233.2	3821510	3821529	-1	AGAGGTGTGGCTGACCGGACAAAAGAGTCGTTTGCCCGCCTGTTTTCAGGTGTTCTGTAAGAAAAAAGAAATCTGATCTTACAAAACAGCCCGTGTATAG	TATAATTGAGAAATATTAT	CAGTTATTTATACATTGGGGGAAGATAGGGTGCTGCGGCAATTTTTTTCATATTATAAACCATATAAAACGTTGTTCTTTCTCGACTTTTTCTCAGCGAT	ywjA	repressor	[FT;12354229;Baichoo N, et al.;2002]	DBTBS	-
NC_000964.3	Fur	NP_390233.2	4067130	4067149	1	ATAATCGATTAGGCACACCGCGTCACCCATAAACGGGAAAAACTTTCTCCCTTAAAAATAGTGATAGACGGAGAACAGGTTTCTTGCTATATTATTAATT	GATAATGATAATCATTACT	AATCTATTGAGATACATAGTGGGAGGGTTCTTGATGAAAAAGAACATATTGCTCGTGGGCATGCTTGTGCTGCTTCTCATGTTTGTCAGCGCTTGCAGCG	yxeB	repressor	[FT;12354229;Baichoo N, et al.;2002]	DBTBS	-
NC_000964.3	GerE	NP_390719.2	2148529	2148541	1	ATCTTGGTTTTCTTCTCGATCCACTTGTTTCTCTAAATCCAAATCATCCCTCTCCCTTATCCTTATCTCTGTTTCACAATATGTGCGACTTCGATTTATG	GTATAGGCTATG	TCCACTCCATTAAAAAATCAGCATTTTCCTTAAATAGATGAAAAATAGATCAGGTACGGCGTTCGACTCATACCAAATAACAGCCGGAAGAATATGAATA	cgeA	activator	[HB;7592393;Roels S, et al.;1995]	DBTBS	-
NC_000964.3	GerE	NP_390719.2	2148507	2148519	1	AAAGCAAAATAAAATGCAGATCATCTTGGTTTTCTTCTCGATCCACTTGTTTCTCTAAATCCAAATCATCCCTCTCCCTTATCCTTATCTCTGTTTCACA	ATATGTGCGACT	TCGATTTATGGTATAGGCTATGTCCACTCCATTAAAAAATCAGCATTTTCCTTAAATAGATGAAAAATAGATCAGGTACGGCGTTCGACTCATACCAAAT	cgeA	activator	[HB;7592393;Roels S, et al.;1995]	DBTBS	-
NC_000964.3	GerE	NP_390719.2	3715962	3715974	-1	GATGTGATCTGCGAGTATATTAAAAACCGTTCACAATACCTCAAAGATCATTTAAGTATTTTATGAATGCGTGAAAATGGGTATTCGCGGAAAAAGCGAC	AATTAGGCTATT	GAATTAGTTCAACAAATAAATGTGACACGTATATATGCAGTATGTTTATCATCTATGTATAAGTGACTAGGAGGAATTTGAATGAGCAAGAGGAGAATGA	cotB	activator	[GS FT RO;1518043;Zheng L, et al.;1992]	DBTBS	-
NC_000964.3	GerE	NP_390719.2	2333061	2333073	-1	TTACTTGTTCTTTGTTGTGGTATTTTTGATTGCTTTTGTGTTTTCAAACTTTAAAGACAGCTTAATTGCACACTTTTAAAATAGGTCTTTGCATCAGAAC	ATGTACCCCTTA	TTTTTCATAACTTAGTATTGTAATAAAGTTTATGGAAAGGGGATTTTATCATGCATCACTGCAGACCGCATATGATGGCGCCAATTGTCCATCCTACTCA	cotD	dual	[FT;10075739;Ichikawa H, et al.;1999]	DBTBS	-
NC_000964.3	GerE	NP_390719.2	1251249	1251261	-1	CACAAGAGCAAAAGAACACAAAACCGTTAAGCCGCAGAGAGCAGCTCATTGAACAGATCAGACAAAGACGGAAAAACGATAACAATTAGCCAATCATAAA	AAATAGGGTTCT	TCATCAGGATATATGACTCAGTCAAAATAAGAGGCTCGCTCATTTAATAACAGTAAAAGAAAAGGAGGAATAGATATGGAAAGCAGACCATATTCTTGGG	cotX	activator	[FT RO;7519271;Zhang J, et al.;1994]	DBTBS	-
NC_000964.3	GerE	NP_390719.2	1251226	1251238	-1	CCGTTAAGCCGCAGAGAGCAGCTCATTGAACAGATCAGACAAAGACGGAAAAACGATAACAATTAGCCAATCATAAAAAATAGGGTTCTTCATCAGGATA	TATGACTCAGTC	AAAATAAGAGGCTCGCTCATTTAATAACAGTAAAAGAAAAGGAGGAATAGATATGGAAAGCAGACCATATTCTTGGGTTGCACTTGATCCTGACTGTGAC	cotX	activator	[FT RO;7519271;Zhang J, et al.;1994]	DBTBS	-
NC_000964.3	GerE	NP_390719.2	1250583	1250595	-1	TACACTCGTAGCCATCCTAGTTATCACTCTTGTCCTCTAGGACCTAAAAGCAGAGCTAAAAACGCTCTGCTTTTTCTTATTTTCCAAGCATATGATGAAT	ATATAGACGTTC	ACCCACACCAAGTGGGGCACGGGTACATATGTTGTTAAGGACTAAAGTCAAATACCCTATAAAGAAGGAGCTGAAATCAATGAGCTGCGGAAAAACCCAT	cotY	activator	[FT RO;7519271;Zhang J, et al.;1994]	DBTBS	-
NC_000964.3	GerE	NP_390719.2	1669348	1669360	1	TCAAGCTTCAGCATGGGCTTGATACGTATGAGCGTGAGCTGAAAGAAATGAAACGCCTGTATAAACAAAAAACAACGCTCTTAAAAGACGAAGAAGTCAA	ACTTGGACGAAT	GGAAGTCGAGCTTGATAATTTACTCCAATACTTACGGGAGGAATACAGCTTGTCCTTTGAGGGGGCAAAAGAGAAATATCAGCTTGAAACTGATCCAGAG	ftsY	activator	[PE NB;11021934;Kakeshita H, et al.;2000]	DBTBS	-
NC_000964.3	GerE	NP_390719.2	3353989	3354002	1	GATGATGTACGATTTCATATGCAAACACCTTTTCTATTATAATGTCTATTCATTTTACCAAATCAAATGCTTTCCTTCGACCTTTTGCCCTAATGTGGAA	AAACCGCGAAGTT	CGTCCAATCTCTTTACTCTCCTATCGAATATCCTGTCACTATCAATAGAGAAAGGATGATACCATGAGCGAAAATCGTCATGAAAATGAAGAAAACAGAC	sspG	activator	[DB RG;9852018;Bagyan I, et al.;1998]	DBTBS	-
NC_000964.3	GerE	NP_390719.2	1253019	1253040	1	TTTGATAAAGCCGGTCTGGAATTTGAAGATGAGATTGAAGAGCTGGCTGAAAAAACGGAGGCCTTACTTAAAAAACATCAAGCTCAATATGATCAATCGT	AAATCCGCAAACGCCCTATGC	GAATATCCAAGCCGATCCCAGCAGCTCACATAGTGTATAGAGAGTAAAGGAGGTGCTTATCTATGGGCTTTGGATACGGATTCGGCGGCGGCTACGGCGG	yjcZ	activator	[NB DB HM;14523132;Kuwana R, et al.;2003]	DBTBS	-
NC_000964.3	GlpP	NP_388808.1	1002367	1002387	1	ATCTAATACCAAATTGTGGAAAAAATATGAAAACTTTTTGACGGAAAGTGATTGACACCGCTTTCATGCACTGATACAATTGCACTAGGTTAATACATTG	TGATGGAGAACTCGGAGACC	ACAGCAGCTCTTTACGGCAAATGTTTATGCACCCGTAAAGCGGTTTGTTGTGGTTTTTTTATTCTCTTCTTCTCTATCATGCTTTTTAATCGTGACTTTA	glpF	activator	[8436953;Beijer L, et al.;1993;DB NB]	DBTBS	-
NC_000964.3	GlpP	NP_388808.1	235435	235455	-1	AATATTCACTTCCCTAAGGCCCAATTTGAAAATTACCCGTTTACATTCGCTCCGGACTATGATAATTTAAGAAAGCGCTATCATGATAAGTTAATAGCTT	GGATGGAGATGAGGAGAGCC	AGGAATCCAACCCCTTTTGACAAGGGGTGTTTTCTGGCTCTTTTTGTTTTTCGGGAAAGGAGGCACGCCACACATCCAGCACAAACAGCAAAGGGGGATA	glpT	activator	[HM;8012593;Nilsson RP, et al.;1994]	DBTBS	-
NC_000964.3	GltC	NP_389728.2	2014744	2014759	-1	CACATGCAAATGATCAGCGGCTTCTGAAACGTGTTCTCTTTCAGCCACCTCCATAAAATAACGCAGTTGGCGCAGCTCCATGTTTGTCTCACATCCATCT	ATCTCATTTTGAGAT	TCTTTTGATCTAAATTATATATTGTTTATATCGTTTTGAAAACCTACAATGATTATAGAGTTGTTAGATTTTATGACCGGTATTATCGGAAATTGATCGG	gltA	activator	[SDM DP;7559359;Belitsky BR, et al.;1995]	DBTBS	-
NC_000964.3	GltC	NP_389728.2	2014722	2014737	-1	TCTGAAACGTGTTCTCTTTCAGCCACCTCCATAAAATAACGCAGTTGGCGCAGCTCCATGTTTGTCTCACATCCATCTATCTCATTTTGAGATTCTTTTG	ATCTAAATTATATAT	TGTTTATATCGTTTTGAAAACCTACAATGATTATAGAGTTGTTAGATTTTATGACCGGTATTATCGGAAATTGATCGGGGGAGAGGAATTATGACGTACA	gltA	activator	[SDM DP;7559359;Belitsky BR, et al.;1995]	DBTBS	-
NC_000964.3	GltC	NP_389728.2	2014702	2014717	-1	AGCCACCTCCATAAAATAACGCAGTTGGCGCAGCTCCATGTTTGTCTCACATCCATCTATCTCATTTTGAGATTCTTTTGATCTAAATTATATATTGTTT	ATATCGTTTTGAAAA	CCTACAATGATTATAGAGTTGTTAGATTTTATGACCGGTATTATCGGAAATTGATCGGGGGAGAGGAATTATGACGTACAATCAAATGCCAAAAGCTCAA	gltA	activator	[SDM DP;7559359;Belitsky BR, et al.;1995]	DBTBS	-
NC_000964.3	LicT	NP_391787.2	4035763	4035789	-1	TGTTCTAGAAACGATAGTCAACACCAAAAATGAAAGCGTTGACATCTCACGAATCTAGTGCTAAAGTATACCTACAAACAAATAAAACGACCCGTCAGGA	TTGTTACTGCGAAAGCAGGCAAAACC	TAAATGGTGCAGGTGCAGGAGGAGACTCTCGCAATCTGTGTCATTTAGGTTTTTTTATTCTCTTTTAGGAGGTGATGCAGCATTTGATACAAAAAAAGCT	bglP	activator	[RG DB;Kruger S & Hecker M;1995;7559347]	DBTBS	-
NC_000964.3	LicT	NP_391787.2	4012771	4012800	-1	CCATTCACATAGAAAGGGTAGTTAAACAAGCATAATGAGAGCGCTGACATTTGTGTTTCCTTGTGTTCACTTTTTCTTACATTCACATATGAAAATGGTA	GGATTGTTACTGATAAAGCAGGCAAAACC	TAAATTGCAATGAGTGCGGATCATCTCTGTCTGTGCTGATGGTAATTTAGGTTTTTATTTTTTTCAGAGGGAAGATGATGATAGTTACAGGATTCAAGTT	bglS	activator	[HM;3118760;Steinmetz M & Aymerich S;1986]	DBTBS	-
NC_000964.3	LmrA	NP_388150.1	290729	290747	-1	AGTCAGCTTTTCTCTCAGTATTTTTTGTTGTCATATCCTTCTTTTTTTGTCTTTTCATACAATGAATTTTTCTTGACAATTGATGATTGAATCAAGATAA	TAGACCAGTCACTATATT	TTTGATTGCAATTCAGTAAGGTGGGAATGTTATGAGTTATGGAGATTCCCGTGAGAAAATCCTTTCGGCAGCTACCCGGCTTTTTCAGCTGCAAGGGTAT	lmrA	repressor	[12718394;Murata M, et al.;2003;DB NB, promoter mutations]	DBTBS	-
NC_000964.3	LmrA	NP_388150.1	4107309	4107327	-1	GTTAACGAATAAAGACAAAACGCCTCTTCTTCTCATTGCCGAACAAATACCAGTGCTGGTGAGAAAAAAAGGGTAGCATTTTGTTATCCTTTCTCCTACA	ATTATATAGAACGGTCTA	GACAAATGAATGATAATATATAGACTGGTCTAAATTGGAGGAAGCGATAATATGAAAACATTATGTACACATTCATTGCCTAAAGAAAAAATGCCTTATT	yxaG	repressor	[15317768;Yoshida K, et al.;2004;GS AR FT]	DBTBS	-
NC_000964.3	LmrA	NP_388150.1	4107277	4107295	-1	TCATTGCCGAACAAATACCAGTGCTGGTGAGAAAAAAAGGGTAGCATTTTGTTATCCTTTCTCCTACAATTATATAGAACGGTCTAGACAAATGAATGAT	AATATATAGACTGGTCTA	AATTGGAGGAAGCGATAATATGAAAACATTATGTACACATTCATTGCCTAAAGAAAAAATGCCTTATTTGCTCCGGAGCGGAGAAGGCGAGCGCTATCTG	yxaG	repressor	[15317768;Yoshida K, et al.;2004;GS AR FT]	DBTBS	-
NC_000964.3	PerR	NP_388753.1	4118862	4118888	1	TGAGAATCAGCCTCTCATTTATTATAAAAGAAATGCCTAAATCCTACCTGTCACACCTTTATTAAGATGAAAAAAAGTAGGTTATGGCTTGACAAAAAAT	ATATATTAATTAATAATTCATATATA	ATTAGAATTATTATTGAAAGCGATTATGCTTTCTAATACATTTTTAGGAGGAATATACATTATGTCTTTAATCGGTAAAGAAGTACTTCCATTCGAAGCA	ahpC	repressor	[FT;11532148;Herbig AF, et al.;2001]	DBTBS	-
NC_000964.3	PerR	NP_388753.1	4118889	4118904	1	AAGAAATGCCTAAATCCTACCTGTCACACCTTTATTAAGATGAAAAAAAGTAGGTTATGGCTTGACAAAAAATATATATTAATTAATAATTCATATATAA	TTAGAATTATTATTG	AAAGCGATTATGCTTTCTAATACATTTTTAGGAGGAATATACATTATGTCTTTAATCGGTAAAGAAGTACTTCCATTCGAAGCAAAAGCATTCAAAAACG	ahpC	repressor	[FT;11532148;Herbig AF, et al.;2001]	DBTBS	-
NC_000964.3	PerR	NP_388753.1	2450351	2450366	-1	ATCTCTCTTTGAAGCATACTTATCTCCTGTTTTAATGGAAAAGCTTACATCTAGACTTTTTTAAAATCATTATTAAAAGAAAACCATTTTATTTATCAGT	TTATAATAATTATAG	TTGGAACTCTGCGCGTATTTTGTTATAATGAGTCATGGAATGCGGCGTAGGAGGGAAAGACATGGAAAACCGTATTGATCGTATTAAGAAACAACTGCAC	fur	repressor	[FT;12029044;Fuangthong M, et al.;2002]	DBTBS	-
NC_000964.3	PerR	NP_388753.1	2879167	2879182	-1	TTCCCTGAAGCTTTTTCTAATATAGCATAAGAATTTTAAAATCTGTTCACATTTTGTGAAAGAAACTATGTTATAATTATTATAAATAATGAGTTCTATG	TTAGAATGATTATAA	ATTAAGATTGGGTGTTGGGGGTGTAATTAGAGCGATGCATATACTTGTTGTGGGAGTAGATTATAAATCCGCCCCTATTGAGATACGTGAAAAAGTAAGT	hemA	repressor	[FT;11532148;Herbig AF, et al.;2001]	DBTBS	-
NC_000964.3	PerR	NP_388753.1	376522	376537	1	GCCTTTTTTTCGGTTTTTGCGCGGTACACATAGTCATGTAAAGATTGTAAATTGCATTCAGCAATAAAAAAAGATTGAACGCAGCAGTTTGGTTTAAAAA	TTTTTATTTTTCTGT	AAATAATGTTTAGTGGAAATGATTGCGGCATCCCGCAAAAAATATTGCTGTAAATAAACTGGAATCTTTCGGCATCCCGCATGAAACTTTTCACCCATTT	srfAA	activator	[GS FT;Hayashi K, et al.;2005;16166527]	DBTBS	-
NC_000964.3	PerR	NP_388753.1	376540	376555	1	GCGCGGTACACATAGTCATGTAAAGATTGTAAATTGCATTCAGCAATAAAAAAAGATTGAACGCAGCAGTTTGGTTTAAAAATTTTTATTTTTCTGTAAA	TAATGTTTAGTGGAA	ATGATTGCGGCATCCCGCAAAAAATATTGCTGTAAATAAACTGGAATCTTTCGGCATCCCGCATGAAACTTTTCACCCATTTTTCGGTGATAAAAACATT	srfAA	activator	[GS FT;Hayashi K, et al.;2005;16166527]	DBTBS	-
NC_000964.3	PerR	NP_388753.1	944426	944441	1	AAGCGCTTCAAACCCTCAAAGATATGTCTGAAAAGTAAATCTCTATGAGCCTATGCTTACTTTTACCCTGATATCAATTGACAAATTATCGTAGAAAGAG	TTACACTAATTATAA	ACATTACAATGTAAGAATTTTTTTTAGAAGAGAGGTGCATGACGGATGGCTGCACATGAACTAAAAGAAGCCTTAGAAACGTTGAAGGAAACCGGAGTTC	perR	repressor	[FT;12029044;Fuangthong M, et al.;2002]	DBTBS	-
NC_000964.3	PerR	NP_388753.1	944435	944450	1	AAACCCTCAAAGATATGTCTGAAAAGTAAATCTCTATGAGCCTATGCTTACTTTTACCCTGATATCAATTGACAAATTATCGTAGAAAGAGTTACACTAA	TTATAAACATTACAA	TGTAAGAATTTTTTTTAGAAGAGAGGTGCATGACGGATGGCTGCACATGAACTAAAAGAAGCCTTAGAAACGTTGAAGGAAACCGGAGTTCGCATTACTC	perR	repressor	[FT;12029044;Fuangthong M, et al.;2002]	DBTBS	-
NC_000964.3	PerR	NP_388753.1	1451192	1451207	1	CCCGATGACAGCGGAACAACTGAAGGAATGGACGGAAGAATAGCTGAGAGCATAGACTCTCAGCTTTTTTCATATAGAGAAGAAGTGAATAAACATTAAT	GATAATTATTATCAA	AAAGAAATTAAAATAATTATAATTGAAATTCTCTTCGTGCGTGCTATAATAAAGGAAGACATCAAGAAATAACTGACGATAAAGCTGCCTTTTGGGCAGC	ykvW	repressor	[FT;12426338;Gaballa A, et al.;2002]	DBTBS	-
NC_000964.3	PerR	NP_388753.1	1451214	1451229	1	AAGGAATGGACGGAAGAATAGCTGAGAGCATAGACTCTCAGCTTTTTTCATATAGAGAAGAAGTGAATAAACATTAATGATAATTATTATCAAAAAGAAA	TTAAAATAATTATAA	TTGAAATTCTCTTCGTGCGTGCTATAATAAAGGAAGACATCAAGAAATAACTGACGATAAAGCTGCCTTTTGGGCAGCGATTTTGTTTTTATAAGAGAAA	ykvW	repressor	[FT;12426338;Gaballa A, et al.;2002]	DBTBS	-
NC_000964.3	PerR	NP_388753.1	1227586	1227653	1	CAAAAAAATATTTTCGATCAGTTAAGCTAATTGAGAATAAGAACATATCATGAACATTAAAAATTTGCTGGATTGACACATTTTTTTCTTAGGATACTGT	TCACACTTACTTTTTTATAGTATAATACCTGTAAAGATTCCTTTTTTAGAGTAATTTCAATTTAAGA	ATAAAATAGATGTTCATCCTACTAATTAGAGGAGTGAAGATGAATGGTTACACTATACACATCACCAAGCTGTACTTCATGCAGAAAGGCGAGAGCGTGG	yjbD	repressor	[FT;Leelakriangsak M, et al.;2007;17158660]	DBTBS	-
NC_000964.3	PucR	NP_391122.1	1383223	1383236	-1	AGACACAGCTAGTATAATTTGAAAAAACCATCTGCATTTGGCAGATGGTTTTTTTCTATAATACAGCCACAATCGGTTTCTTATTTAGCAAATCCCCCAA	ATACTTTGTTTAT	TTTGCACTTTTTTAAGAATGTTCTTTGCATTCTTTTCGGCTATACTAATAACACTCTATTGACAGGAGGGATTGGGATGAATCATGAAACGTTCTTAAAA	guaD	activator	[DP;12029039;Beier L, et al.;2002]	DBTBS	-
NC_000964.3	PucR	NP_391122.1	3343762	3343775	-1	CTCTCTTTCGCTCTTGCTGGCTCTCTTCCTTACCGTGTTTTCTTTTGACCTTTACATCAAAATAGTTGTGACATGTAGGGTGTATCTGGTTGCTGGATGG	ATACTGTGGCTAA	AAAATAAACGTTTTTTTGGTTAATCTGTCAATGAACTATCATGTTGCTCCTTCTATAATGAAGTCACCATAGCGGCCAGAGGGGGGAGTACATGGAAAAG	yurH	activator	[DP;12029039;Beier L, et al.;2002]	DBTBS	-
NC_000964.3	PucR	NP_391122.1	3328726	3328739	-1	TCTTTCCCCTCCTGCTTTTCCAGCGATTAAATTGGCGTTTTCAAAAGCCGGTATTTTCATCACATCAAGAATATTCATAGCGCATTCTCCTTTTCTATAA	AAACATTGGTTAA	GGTGAATAATTTTCAATAGGAATTCTAGCGGTTTTGCTGATGTAATACGATCATAGTAGCAGTAAACTGTTGAAAATAGAACTGGTTGTGTTACATAAAC	pucH	activator	[DP;12029039;Beier L, et al.;2002]	DBTBS	-
NC_000964.3	PucR	NP_391122.1	3753890	3753903	-1	TGATTATAGCGGGCGGAGCAAGCCTGTTAATGGCTGTGAGATTTGCTGCATTAATGAAAACTGCATCTTAAGAAAGAGACGGGCTCTGAGGTCTGTCTCT	TTTTCTTGTTTAA	GCTGTTCAAATACAAACGGGAAAATTGTATATCATAGCCAGTGTTATTGTCTGACTCTTCAGTTATATTAAGTGACATCTAATGTCAAAAAACATAACGT	ywoE	activator	[DP;12029039;Beier L, et al.;2002]	DBTBS	-
NC_000964.3	PucR	NP_391122.1	3330390	3330403	1	CTTAAAAGATCCTGAAACAACGATGCGTTTGCGGCTTGCATTACGTATGCAGCGGCTGATCAGCTAAAGTTTGTTACATTTTCTTACAAAACGAATCGTT	TTTCGTCACTTTC	AGCAATCACACCTGTCTTTTTCAGCTACTGTATCCAATGACACCCCTCGACCGGAACGATATTATGTTACTAAAGTTCACATACAGGGAGGGACTATAGT	pucJ	activator	[DP;12029039;Beier L, et al.;2002]	DBTBS	-
NC_000964.3	PurR	NP_387928.1	3790552	3790565	-1	GGCGGTTTATGAGTGCGAATGAAAGGACTGCATAGCCAGTCTTTTCTTTTATTTTAAGATAGTGAAATAAATTCCGAACTTTAAATTAAATTTAAGTTAT	TAATATTCGTTTT	TACCAATAAAAATTTAGATTTTTTAAAAATAATCTTTTACATCGGCCTTAAAAACCATGTACAATAGTGATGGTAAAAACAAAGAACAGGATACGGATAG	glyA	repressor	[HM DB RG DP SDM;11591660;Saxild HH, et al.;2001]	DBTBS	-
NC_000964.3	PurR	NP_387928.1	3302984	3302998	1	GATACCTAAACTCACCCTGCATGACAAGCTTCGGCACTTGCACCACACCTGCCAGCAAATCATAATGTTTGACATCCTAAATAAAACAGAGTACATTATA	TAAGGCGAACATTT	CATATATTATACTTTTAAATATTCGTTTTTAGGAGTGAAAACCATGGAAAACGTATTTGATTACGAAGATATTCAGCTAATTCCTGCAAAATGCATTGTG	guaC	repressor	[HM DB RG;11591660;Saxild HH, et al.;2001]	DBTBS	-
NC_000964.3	PurR	NP_387928.1	3303014	3303028	1	TCGGCACTTGCACCACACCTGCCAGCAAATCATAATGTTTGACATCCTAAATAAAACAGAGTACATTATATAAGGCGAACATTTCATATATTATACTTTT	AAATATTCGTTTTT	AGGAGTGAAAACCATGGAAAACGTATTTGATTACGAAGATATTCAGCTAATTCCTGCAAAATGCATTGTGAATAGCCGTTCAGAATGTGATACATCCGTA	guaC	repressor	[HM DB RG;11591660;Saxild HH, et al.;2001]	DBTBS	-
NC_000964.3	PurR	NP_387928.1	2529797	2529811	-1	AACCAAGGGGAGGGCGGCCCTTTGGTTTTTTTACACGTTACCCTTTATTTCAAAGCATGAAGAAAGCCGGCTTACATAGCCGAGTTTCTTCATGAACGTG	AAATCCGAATAATC	ATATTAAGGTGTGTGAAAATATTCGGTAATAGGGTAAAAAAACCTTGATTTCAATATGCGGATACGAAAAAAATATGTTATGATCTCTTTGTGGCTTAAC	nusB	repressor	[HM RG DB;11591660;Saxild HH, et al.;2001]	DBTBS	-
NC_000964.3	PurR	NP_387928.1	2529767	2529781	-1	TTACACGTTACCCTTTATTTCAAAGCATGAAGAAAGCCGGCTTACATAGCCGAGTTTCTTCATGAACGTGAAATCCGAATAATCATATTAAGGTGTGTGA	AAATATTCGGTAAT	AGGGTAAAAAAACCTTGATTTCAATATGCGGATACGAAAAAAATATGTTATGATCTCTTTGTGGCTTAACGACAAGCGGATAAAGAGGATCAAAGGAGAA	nusB	repressor	[HM RG DB;11591660;Saxild HH, et al.;2001]	DBTBS	-
NC_000964.3	PurR	NP_387928.1	694341	694355	1	TATTACAAGTAAGCCGCCTGCGACGATTGAGTGGGAATAAGAATCAATTAATGGAAACCATCTTTTTGGCAATTTTGCCGGGAAGATGGTTTTATTTGTT	TATTACGAACAAAA	TCCGATTTTGCGCGACTATTGTTCGCTTTTTGTATTGTTTTTTCAAAATGAACTTGGTACAATAGACACAGAAATCAAATAAGATGAATTCGTATAATCG	pbuG	repressor	[HM RG DB;11591660;Saxild HH, et al.;2001]	DBTBS	-
NC_000964.3	PurR	NP_387928.1	4156839	4156853	-1	CAAAAGGGATATCAGGCAAGTGATTCTTTCTTATGCTAAAGGATGAAAGTTTCGCAAGCTTTTTATGACAAAGCAGTGAGAAAACGCTTATAAAACGAAT	GGAAGCGAACGAAT	ATAGATTTACAATAAATTAATGTTCGGATTTACAATTGACTTTCTGTTTCTTCACTGATAAACTTGATTTGTTTGAATAGAATCGTTTTGAAAGGTTAAC	purA	repressor	[Enzyme activity measurement;1722815;Saxild HH & Nygaard P;1991]	DBTBS	-
NC_000964.3	PurR	NP_387928.1	4156808	4156822	-1	TATGCTAAAGGATGAAAGTTTCGCAAGCTTTTTATGACAAAGCAGTGAGAAAACGCTTATAAAACGAATGGAAGCGAACGAATATAGATTTACAATAAAT	TAATGTTCGGATTT	ACAATTGACTTTCTGTTTCTTCACTGATAAACTTGATTTGTTTGAATAGAATCGTTTTGAAAGGTTAACGGAGGTGCACGGACATGTCTTCAGTAGTTGT	purA	repressor	[Enzyme activity measurement;1722815;Saxild HH & Nygaard P;1991]	DBTBS	-
NC_000964.3	PurR	NP_387928.1	698288	698302	1	GGCGAATGGAAGAGCCTATTTTTATGGAAAAAAAGGAAAATGGGTCAATTCAGATCGTTCCGTGCGGGAAAAAAATCGTATTTGAAGGGAAATTGATCTA	AAACACGAACATTA	GTAGAATGAATTTTTGTATCGTTCGATAATATCGTTGACATTATCCATGTCCGTTGTTAAGATAAACATGAAATCAAAACACGACCTCATATAATCTTGG	purE	repressor	[S1;3036807;Ebbole DJ & Zalkin H;1987]	DBTBS	-
NC_000964.3	PurR	NP_387928.1	698318	698332	1	AAAAGGAAAATGGGTCAATTCAGATCGTTCCGTGCGGGAAAAAAATCGTATTTGAAGGGAAATTGATCTAAAACACGAACATTAGTAGAATGAATTTTTG	TATCGTTCGATAAT	ATCGTTGACATTATCCATGTCCGTTGTTAAGATAAACATGAAATCAAAACACGACCTCATATAATCTTGGGAATATGGCCCATAAGTTTCTACCCGGCAA	purE	repressor	[S1;3036807;Ebbole DJ & Zalkin H;1987]	DBTBS	-
NC_000964.3	PurR	NP_387928.1	54383	54397	1	CAGTATGAGTCGAAGGTGCAGAGAATTTATAACGGGTTAAGAGGCTTCTGCGATCAAGTTTATGCGGTGAGAATGATCGGCGAACAGAACGCTCTTGATT	AAATCCGTATGTTA	AGTTATATTGATCTTAAAATATTCGGATTTTGGGGGTGAGTTCATGAAGTTTCGTCGCAGCGGCAGATTGGTGGACTTAACAAATTATTTGTTAACCCAT	purR	repressor	[GS RG DB;Weng M, et al.;1995;7638212]	DBTBS	-
NC_000964.3	PurR	NP_387928.1	54413	54427	1	AACGGGTTAAGAGGCTTCTGCGATCAAGTTTATGCGGTGAGAATGATCGGCGAACAGAACGCTCTTGATTAAATCCGTATGTTAAGTTATATTGATCTTA	AAATATTCGGATTT	TGGGGGTGAGTTCATGAAGTTTCGTCGCAGCGGCAGATTGGTGGACTTAACAAATTATTTGTTAACCCATCCGCACGAGTTAATACCGCTAACCTTTTTC	purR	repressor	[GS RG DB;Weng M, et al.;1995;7638212]	DBTBS	-
NC_000964.3	PurR	NP_387928.1	2320289	2320303	-1	TTTAATTGATTATTTATCAAACAAATATTCAAATCTCTATCTGTTATAATCAAAAGCCTGGCGGCGCGGTCGTCAGACTCTTTTATATCGAATCCCCTTG	AAATACGAATGATA	TCTAAAAAAACAAAATTAAAGTTCGGGAATTTTTATTTTCAGCCTATGCAAGAGATTAGAATCTTGATATAATTTATTACAATATAATAGGAACACTCAT	xpt	repressor	[HM RG DB;11591660;Saxild HH, et al.;2001]	DBTBS	-
NC_000964.3	PurR	NP_387928.1	2320259	2320273	-1	AAATCTCTATCTGTTATAATCAAAAGCCTGGCGGCGCGGTCGTCAGACTCTTTTATATCGAATCCCCTTGAAATACGAATGATATCTAAAAAAACAAAAT	TAAAGTTCGGGAAT	TTTTATTTTCAGCCTATGCAAGAGATTAGAATCTTGATATAATTTATTACAATATAATAGGAACACTCATATAATCGCGTGGATATGGCACGCAAGTTTC	xpt	repressor	[HM RG DB;11591660;Saxild HH, et al.;2001]	DBTBS	-
NC_000964.3	PurR	NP_387928.1	3068852	3068866	1	TCCTGTGTATCACGAATTAAATCCTCTTTTTTTCTGATCACTTCAACTTCCCAGTTCATAATGATCCCCTTTCCGCAAGAAATGACTTGCAAAAACCAAA	TAAAACGAATAATA	TTAATGGTGTTTTGTTAAAACGTTCGTAATTGGAGGATACTATGTTTCATCTAAAAGAGCAGCAAACATCCATAAAGCAAGAAATCATAGCAGGGCTGAC	ytiP	repressor	[HM DB RG;11591660;Saxild HH, et al.;2001]	DBTBS	-
NC_000964.3	PurR	NP_387928.1	3068883	3068897	1	TTCTGATCACTTCAACTTCCCAGTTCATAATGATCCCCTTTCCGCAAGAAATGACTTGCAAAAACCAAATAAAACGAATAATATTAATGGTGTTTTGTTA	AAACGTTCGTAATT	GGAGGATACTATGTTTCATCTAAAAGAGCAGCAAACATCCATAAAGCAAGAAATCATAGCAGGGCTGACGACCTTTTTCACAATGGTCTATATCGTCGTG	ytiP	repressor	[HM DB RG;11591660;Saxild HH, et al.;2001]	DBTBS	-
NC_000964.3	PyrR	NP_389430.1	1618164	1618195	1	GCGCCGCTTCCCGAGGATATGGCAGAATTAATCGAAAACCTCAGAAAAAACGGTTGACAGAGGGTTTCTTTTCTGAAATAATAAACGAAGCTGAATAGAT	TCTTTAAAACAGTCCAGAGAGGCTGAGAAGG	ATAACGGATAGACGGGATGCGTGTATAGGCGCGCACCTTGTCCTAAAACCCCTCTATGCTCTGGCAGGAGGGGTTTTTTCTTCTATATGAACTGTGAGGT	pyrR	repressor	[DB RG;7868607;Lu Y, et al.;1995]	DBTBS	-
NC_000964.3	PyrR	NP_389430.1	1620334	1620365	1	ATGGCGCTTGCCGCAATTGTCGGTGTCATCTTAAACCTGATTCTTCCGCAGGCGAAGGAAGAGCAGGCAGACACATCTGAACAACATCATATTTAAAACC	TTTTAATGAAAGTCCAGAGAGGCTTGGAAGG	GTTATGAAGAGAAGGAAGCTTCAATGCTGCCCTCTATTTAACCATACCCCGAGTCTATCTTAGACCGGGGTTTTTTTTCAGCCTTAAGTTGAAAAGAGAG	pyrB	repressor	[8962074;Lu Y, et al.;1996;DB RG]	DBTBS	-
NC_000964.3	ResD	NP_390193.2	3979476	3979494	-1	GGAATGCTGAGACTCGAGTGCTGGGGCGGGGGCAAGCATTTTGTTCGCAAGGAACGATGTGTTGATGTACGATAATAAAGGGTCATTTATCCTAGCAGCC	GACATAAATAAGCAACAA	AATAGACAAAAATCCGTCACATAGTGCGGGACTTTTTAGGTATTTTAGGCTTTATTTTTGAAATGAATCGTTGTAAAGTACTTAATATGAACCAGTCAGA	cydA	activator	[RG FT;17322317;Puri-Taneja A, et al.;2007]	DBTBS	-
NC_000964.3	ResD	NP_390193.2	3979457	3979472	-1	GGGGCGGGGGCAAGCATTTTGTTCGCAAGGAACGATGTGTTGATGTACGATAATAAAGGGTCATTTATCCTAGCAGCCGACATAAATAAGCAACAAAATA	GACAAAAATCCGTCA	CATAGTGCGGGACTTTTTAGGTATTTTAGGCTTTATTTTTGAAATGAATCGTTGTAAAGTACTTAATATGAACCAGTCAGAGATTGTGTCATTTGGTCAG	cydA	activator	[RG FT;17322317;Puri-Taneja A, et al.;2007]	DBTBS	-
NC_000964.3	SacT	NP_391686.1	3535829	3535858	1	CAAATCCTTTTATGATTTTCTATCAAACAAAAGAGGAAAATAGACCAGTTGCAATCCAAACGAGAGTCTAATAGAATGAGGTCGAAAAGTAAATCGCGCG	GGTTTGTTACTGATAAAGCAGGCAAGACC	TAAAATGTGTAAAGGGCAAAGTGTATACTTTGGCGTCACCCCTTACATATTTTAGGTCTTTTTTTATTGTGCGTAACTAACTTGCCATCTTCAAACAGGA	sacB	activator	[RG DB;2493447;Steinmetz M, et al.;1989]	DBTBS	-
NC_000964.3	SacT	NP_391686.1	3905123	3905152	-1	TTTTGTCTACATGTTATATCAAACTATTTAACTAAAAAAATAGTTGACGAAAACGCTATCATGATTTATGATGAAAGCGTATTCTTAATCTGAATAAGCG	GGATTGTGACTGGTAAAGCAGGCAAGACC	TAAAATTTGCGTAAATGAAAAAGGATCGCTGTGTCCTTTATTCGTTGGCGAATTTTAGGTCTTTTTTGTTTAAATAAAAGGGGGAGAAATAGATGGATTA	sacP	activator	[DB HM, sucrase activity;2163394;Debarbouille M, et al.;1990]	DBTBS	-
NC_000964.3	SacT	NP_391686.1	3941971	3942000	1	CAACCTTTTTCCCATCCATTGTACAGGCTTTTCATACTATTGCTATACAGCCATGAACAGCATAAAATGAACGTTATTACAGTTATCACCACATATGGCG	GGATTGTGACTGGGCAGGCAGGCAAGACC	CAATGATGCAAAGGGAGTATTAATGCCTAAAAAACAGGGCATTTTAACTCTTCTTTTCGTGTTGGGCTCATAACGGCGCCTTGGACAACCCCCTATTCTC	sacX	activator	[RG SDM DP;8535520;Tortosa P, et al.;1995]	DBTBS	-
NC_000964.3	SacY	NP_391721.1	3535829	3535858	1	CAAATCCTTTTATGATTTTCTATCAAACAAAAGAGGAAAATAGACCAGTTGCAATCCAAACGAGAGTCTAATAGAATGAGGTCGAAAAGTAAATCGCGCG	GGTTTGTTACTGATAAAGCAGGCAAGACC	TAAAATGTGTAAAGGGCAAAGTGTATACTTTGGCGTCACCCCTTACATATTTTAGGTCTTTTTTTATTGTGCGTAACTAACTTGCCATCTTCAAACAGGA	sacB	activator	[2993818;Steinmetz M, et al.;DP RG, levansucrase activity;1985]	DBTBS	-
NC_000964.3	SacY	NP_391721.1	3905123	3905152	-1	TTTTGTCTACATGTTATATCAAACTATTTAACTAAAAAAATAGTTGACGAAAACGCTATCATGATTTATGATGAAAGCGTATTCTTAATCTGAATAAGCG	GGATTGTGACTGGTAAAGCAGGCAAGACC	TAAAATTTGCGTAAATGAAAAAGGATCGCTGTGTCCTTTATTCGTTGGCGAATTTTAGGTCTTTTTTGTTTAAATAAAAGGGGGAGAAATAGATGGATTA	sacP	activator	[GS, in-vitro transcription;Arnaud M, et al.;1996;8702561]	DBTBS	-
NC_000964.3	SacY	NP_391721.1	3941971	3942000	1	CAACCTTTTTCCCATCCATTGTACAGGCTTTTCATACTATTGCTATACAGCCATGAACAGCATAAAATGAACGTTATTACAGTTATCACCACATATGGCG	GGATTGTGACTGGGCAGGCAGGCAAGACC	CAATGATGCAAAGGGAGTATTAATGCCTAAAAAACAGGGCATTTTAACTCTTCTTTTCGTGTTGGGCTCATAACGGCGCCTTGGACAACCCCCTATTCTC	sacX	activator	[RG SDM DP;8535520;Tortosa P, et al.;1995]	DBTBS	-
NC_000964.3	SinR	NP_390341.1	3939443	3939456	1	CATAGCTTTCTGCCAGCCGATAGGCGATCCCAAAAGCGGCAATCATCGCCATAATATCAAACGAAGCGTTAACAGGATATCCGAGCTTATCGGCCCACTC	GTTCCCAAACACA	CTCGCCATGAAATCAGCATACCCCGGAATCGGCAAGCTCGTTAAAATCAAGAAGACAGACCCGATAATAATCAGCGGCATGGTCAGGATAATTCCGTCAC	epr	repressor	[DP RG GS DB SDM;16923912;Kodgire P, et al.;2006]	DBTBS	-
NC_000964.3	TnrA	NP_389214.1	2014666	2014684	-1	CTCCATGTTTGTCTCACATCCATCTATCTCATTTTGAGATTCTTTTGATCTAAATTATATATTGTTTATATCGTTTTGAAAACCTACAATGATTATAGAG	TTGTTAGATTTTATGACC	GGTATTATCGGAAATTGATCGGGGGAGAGGAATTATGACGTACAATCAAATGCCAAAAGCTCAAGGTCTCTACCGTCCTGAATTTGAACATGATGCATGC	gltA	repressor	[FT;11029411;Belitsky BR, et al.;2000]	DBTBS	-
NC_000964.3	TnrA	NP_389214.1	2897646	2897664	-1	TATCATTAATGTATGCCGAGGGAACAAGAGAAGTGCCTATCCGAAATTGAAATGGATTGCAAGATGATCTGTCAGACTCAATCCATATACGAACCATATC	GTGTTATAAAATCTTCCA	TGTTTATATAAAATTAAATAATTCTGGTGTATTCTTGATAGATTAATAAAAAAATTATAAAAACTTTTAACATTTGCAATTCCTTTTGTACCAATAATGA	ilvB	repressor	[FT;15547269;Tojo S, et al.;2004]	DBTBS	-
NC_000964.3	TnrA	NP_389214.1	1397807	1397824	-1	CCTCGTTTGATTCGTTACATAAAGGATAAAACGCGCTTGGGTGTTACGCATTATTCTTGTTAATTTTTCTTCCGTATTTTTTCAAAAATCTTCTATTTGA	TGTTAGAAAATATGACA	AGCGTCAGGTTTTTTCTCTTTGTTTTTTATATACTATTATCAAAAGACATCCAGGGGTGGAAAAATGACCACAGAAGATCATTCTTATAAAGACAAAAAA	tnrA	activator	[DE DP;10671441;Robichon D, et al.;2000]	DBTBS	-
NC_000964.3	TnrA	NP_389214.1	290830	290847	1	ATATAGTGACTGGTCTATTATCTTGATTCAATCATCAATTGTCAAGAAAAATTCATTGTATGAAAAGACAAAAAAAGAAGGATATGACAACAAAAAATAC	TGAGAGAAAAGCTGACT	GATCTTTTGACTGAATAGATAAAATGTACAATGATTAATCATCATATGGATGTAAGGAGAGAAATAGATGAAAAAACAACGAATGCTCGTACTTTTTACC	yccC	activator	[FT GS;11914346;Fisher SH & Wray LV Jr;2002]	DBTBS	-
NC_000964.3	TnrA	NP_389214.1	1397850	1397867	1	CCCCTGGATGTCTTTTGATAATAGTATATAAAAAACAAAGAGAAAAAACCTGACGCTTGTCATATTTTCTAACATCAAATAGAAGATTTTTGAAAAAATA	CGGAAGAAAAATTAACA	AGAATAATGCGTAACACCCAAGCGCGTTTTATCCTTTATGTAACGAATCAAACGAGGAGGAAGGATAATCATGGAGGAAGAAAAAGCAGTCTCACTGGCA	ykzB	activator	[PE DB DP;10671441;Robichon D, et al.;2000]	DBTBS	-
NC_000964.3	Xre	NP_389133.1	1321773	1321788	1	ATGACCTCTCTTTTTTAAACTCCCTACGTTACTTATGATTATAGATACAAAATGTATCAAAATAAAGTTATGATAAAAAAAGTATCAAAAATAACTTGAT	GATACAGAATGTATC	GTTTATACTTGGTAACATCCGATACAAAATGTATCAAAAAAGATCAGGAGAGTGATCACATGTATCCGATCCAAATCGTTTTTAGTGAAAATCCCATAGA	xkdB	repressor	[GS FT;8083175;McDonnell GE, et al.;1994]	DBTBS	-
NC_000964.3	Xre	NP_389133.1	1321744	1321759	-1	GATCGGATACATGTGATCACTCTCCTGATCTTTTTTGATACATTTTGTATCGGATGTTACCAAGTATAAACGATACATTCTGTATCATCAAGTTATTTTT	GATACTTTTTTTATC	ATAACTTTATTTTGATACATTTTGTATCTATAATCATAAGTAACGTAGGGAGTTTAAAAAAGAGAGGTCATAGTATGATAGGCGGCAGATTGAAGAGTCT	xre	repressor	[GS FT;8083175;McDonnell GE, et al.;1994]	DBTBS	-
NC_000964.3	YdiH	NP_388478.1	3711384	3711406	-1	AAGCTCCATTCAATATGCATTCCTTTCCATAGGTTAATAATTCGTATTACATATTAATCATAAGGCGAATCGATATTGGAGGTCAATTTCCAAAGAGTGT	ATAGTGAAACTTATCACAAGAT	ATTTAAAATTTTACGTTTAAAATGCATAATAAGGAGTGAGGGTGTTGACAAAAGCAACAAAAGAACAAAAATCCCTTGTGAAAAACAGAGGGGCGGAGCT	alsS	repressor	[RG;16428414;Reents H, et al.;2006]	DBTBS	-
NC_000964.3	YdiH	NP_388478.1	3979295	3979317	-1	GAAATGAATCGTTGTAAAGTACTTAATATGAACCAGTCAGAGATTGTGTCATTTGGTCAGTCTGGCAATCTTGCATCATATTGGATGACTTTTTGACACA	TTTGTGAAATATTGAGCAATAT	TTTTTTCGTCTATTTTGTGAATTACTGATCAAAGTCTCGGTTCTATTTGTGAAGTAGTGAGCAAATTAACAGTTTTAACCGGAAATGGAGGAGAAAGCAT	cydA	repressor	[RG FT;15231791;Schau M, et al.;2004]	DBTBS	-
NC_000964.3	YdiH	NP_388478.1	3979260	3979282	-1	GTCAGAGATTGTGTCATTTGGTCAGTCTGGCAATCTTGCATCATATTGGATGACTTTTTGACACATTTGTGAAATATTGAGCAATATTTTTTTCGTCTAT	TTTGTGAATTACTGATCAAAGT	CTCGGTTCTATTTGTGAAGTAGTGAGCAAATTAACAGTTTTAACCGGAAATGGAGGAGAAAGCATGAGTGAATTGGTATTAGCCCGCATACAATTTGCAT	cydA	repressor	[RG FT;15231791;Schau M, et al.;2004]	DBTBS	-
NC_000964.3	YdiH	NP_388478.1	3979228	3979250	-1	ATCTTGCATCATATTGGATGACTTTTTGACACATTTGTGAAATATTGAGCAATATTTTTTTCGTCTATTTTGTGAATTACTGATCAAAGTCTCGGTTCTA	TTTGTGAAGTAGTGAGCAAATT	AACAGTTTTAACCGGAAATGGAGGAGAAAGCATGAGTGAATTGGTATTAGCCCGCATACAATTTGCATCAACAACGTTGTTTCACTTCTTGTTTGTGCCG	cydA	repressor	[RG FT;15231791;Schau M, et al.;2004]	DBTBS	-
NC_000964.3	YdiH	NP_388478.1	329688	329710	1	CCCCATTGAGGGCAAGGCTAGACGGGACTTACCGAAAGAAACCATCAATGATGGTTTCTTTTTTGTTCATAAATCAGACAAAACTTTTCTCTTGCAAAAG	TTTGTGAAGTGTTGCACAATAT	AAATGTGAAATACTTCACAAACAAAAAGACATCAAAGAGAAACATACCCTGGAAGGATGATTAATGATGAACAAACATGTAAATAAAGTAGCTTTAATCG	ldh	repressor	[RG DB;16207915;Larsson JT, et al.;2005]	DBTBS	-
NC_000964.3	YdiH	NP_388478.1	329711	329733	1	GGGACTTACCGAAAGAAACCATCAATGATGGTTTCTTTTTTGTTCATAAATCAGACAAAACTTTTCTCTTGCAAAAGTTTGTGAAGTGTTGCACAATATA	AATGTGAAATACTTCACAAACA	AAAAGACATCAAAGAGAAACATACCCTGGAAGGATGATTAATGATGAACAAACATGTAAATAAAGTAGCTTTAATCGGAGCGGGTTTTGTTGGAAGCAGT	ldh	repressor	[RG DB;16207915;Larsson JT, et al.;2005]	DBTBS	-
NC_000964.3	YdiH	NP_388478.1	3905266	3905288	1	AAGAATACGCTTTCATCATAAATCATGATAGCGTTTTCGTCAACTATTTTTTTAGTTAAATAGTTTGATATAACATGTAGACAAAAATTCGTAAAAATTA	ATTGTGAAATACTTCACAATAT	CGTGCTATACTATGCTCAATCATGAAAGAAAGCAGGAAAAGACAATGGAAACTCAAGCATTACAAAAGGTTGAACAGTATGCTTTGAAAAAACAAAACAT	ywcJ	repressor	[RG DB;16207915;Larsson JT, et al.;2005]	DBTBS	-
NC_000964.3	YufM	NP_391031.1	3802280	3802333	-1	ACGAAGTCCCAGGTAAATCTAAAAAATAGTCCAAAACATGGGTATAAAGATAGAATGCACCGGCTAAAAACACCGGTGTTTTTTTTATATTCTGATAATA	TTCAATTAAAAAATTTAAATAAGTATATTAAAAAATTAAGTAATTTTCTTCTC	TTGAATTTTGATTTTGACAGGCATACAATAGCTTACGTAATGTAAATAGTTTTGAGACATTGTTCGAATAATTGTCACAAAGTCGCATAAAGATCATGAT	ywkA	activator	[NB PE RG FT;12949160;Doan T, et al.;2003]	DBTBS	-
NC_000964.3	YtlI	NP_390818.1	3008874	3008914	-1	TTGAGTATTTCTGCAGCTTTATAGAAGCTTCCAAATTTTACAATCGTATGAAACGTTTTGATTGAGCGTAACTCCAATGTGCTCCCTCCTGTTTTTCATC	ATTAAAATTACTGAAGTGAAGGTTTACTTTTTTTGATTAG	TCAAAGATCAGAGTATGCTTTATAGTATAAACAATAAAAGCTTAGTAAACAAATAGGAATTATATATTTTGTGAAGAGGAGTGACAAAAATGAGTGATGA	ytmI	activator	[DB;11390694;Coppee JY, et al.;2001]	DBTBS	-
NC_000964.3	YdfI	NP_388423.1	589633	589645	1	GCGCGAATTCAAGAACTGAGGCAGTAACGATTGCCATGCAAAAAGGTATTCTGACAATAGACAACTAAACTGCATATTTGAAAATTGCCCAAACGTACAT	GCCCGAATGTAC	GTTTTTTTCATTTCATTGTCAACTACAATGAGAAAGAATGTGATCAAGCAATGTGTTGAAAGGAGATTATCATGTCAAAAATGTTATATACATTAGGAGG	ydfJ	activator	[HB GS FT;15941986;Serizawa M, et al.;2005]	DBTBS	-
NC_000964.3	YodB	NP_389835.1	1227586	1227616	1	CAAAAAAATATTTTCGATCAGTTAAGCTAATTGAGAATAAGAACATATCATGAACATTAAAAATTTGCTGGATTGACACATTTTTTTCTTAGGATACTGT	TCACACTTACTTTTTTATAGTATAATACCT	GTAAAGATTCCTTTTTTAGAGTAATTTCAATTTAAGAATAAAATAGATGTTCATCCTACTAATTAGAGGAGTGAAGATGAATGGTTACACTATACACATC	yjbD	repressor	[FT;Leelakriangsak M, et al.;2007;17158660]	DBTBS	-
